date,pm25,pm10,o3,no2,so2,co
2016-01-23,,124.0,,,,
2016-01-24,,59.0,,,,
2016-01-25,,44.0,,,,
2016-01-26,,40.0,,,,
2016-01-27,,31.0,,,,
2016-01-28,,19.0,,,,
2016-01-29,,44.0,,,,
2016-01-30,,22.0,,,,
2016-01-31,,14.0,,,,
2016-02-01,,21.0,,,,
2016-02-02,,12.0,,,,
2016-02-03,,21.0,,,,
2016-02-04,,22.0,,,,
2016-02-05,,27.0,,,,
2016-02-06,,45.0,,,,
2016-02-07,,27.0,,,,
2016-02-08,,23.0,,,,
2016-02-09,,11.0,,,,
2016-02-10,,12.0,,,,
2016-02-11,,17.0,,,,
2016-02-12,,21.0,,,,
2016-02-13,,21.0,,,,
2016-02-14,,43.0,,,,
2016-02-15,,29.0,,,,
2016-02-16,,23.0,,,,
2016-02-17,,19.0,,,,
2016-02-18,,37.0,,,,
2016-02-19,,30.0,,,,
2016-02-20,,29.0,,,,
2016-02-21,,12.0,,,,
2016-02-22,,13.0,,,,
2016-02-23,,30.0,,,,
2016-02-24,,30.0,,,,
2016-02-25,,45.0,,,,
2016-02-26,,45.0,,,,
2016-02-27,,56.0,,,,
2016-02-28,,35.0,,,,
2016-02-29,,37.0,,,,
2016-03-01,,19.0,,,,
2016-03-02,,33.0,,,,
2016-03-03,,27.0,,,,
2016-03-04,,41.0,,,,
2016-03-05,,43.0,,,,
2016-03-06,,29.0,,,,
2016-03-07,,38.0,,,,
2016-03-08,,29.0,,,,
2016-03-09,,40.0,,,,
2016-03-10,,17.0,,,,
2016-03-11,,24.0,,,,
2016-03-12,,15.0,,,,
2016-03-13,,18.0,,,,
2016-03-14,,24.0,,,,
2016-03-15,,18.0,,,,
2016-03-16,,35.0,,,,
2016-03-17,,75.0,,,,
2016-03-18,,52.0,,,,
2016-03-19,,18.0,,,,
2016-03-20,,42.0,,,,
2016-03-21,,30.0,,,,
2016-03-22,,22.0,,,,
2016-03-23,,40.0,,,,
2016-03-24,,28.0,,,,
2016-03-25,,50.0,,,,
2016-03-26,,39.0,,,,
2016-03-27,,32.0,,,,
2016-03-28,,28.0,,,,
2016-03-29,,25.0,,,,
2016-03-30,,24.0,,,,
2016-03-31,,29.0,,,,
2016-04-01,,21.0,,,,
2016-04-02,,34.0,,,,
2016-04-03,,28.0,,,,
2016-04-04,,42.0,,,,
2016-04-05,,55.0,,,,
2016-04-06,,43.0,,,,
2016-04-07,,38.0,,,,
2016-04-08,,29.0,,,,
2016-04-09,,23.0,,,,
2016-04-10,,40.0,,,,
2016-04-11,,51.0,,,,
2016-04-12,,62.0,,,,
2016-04-13,,51.0,,,,
2016-04-14,,42.0,,,,
2016-04-15,,27.0,,,,
2016-04-16,,23.0,,,,
2016-04-17,,26.0,,,,
2016-04-18,,19.0,,,,
2016-04-19,,42.0,,,,
2016-04-20,,23.0,,,,
2016-04-21,,35.0,,,,
2016-04-22,,38.0,,,,
2016-04-23,,37.0,,,,
2016-04-24,,16.0,,,,
2016-04-25,,20.0,,,,
2016-04-26,,35.0,,,,
2016-04-27,,21.0,,,,
2016-04-28,,14.0,,,,
2016-04-29,,21.0,,,,
2016-04-30,,20.0,,,,
2016-05-01,,21.0,,,,
2016-05-02,,15.0,,,,
2016-05-03,,16.0,,,,
2016-05-04,,26.0,,,,
2016-05-05,,31.0,,,,
2016-05-06,,25.0,,,,
2016-05-07,,18.0,,,,
2016-05-08,,10.0,,,,
2016-05-09,,22.0,,,,
2016-05-10,,21.0,,,,
2016-05-11,,28.0,,,,
2016-05-12,,23.0,,,,
2016-05-13,,19.0,,,,
2016-05-14,,22.0,,,,
2016-05-15,,22.0,,,,
2016-05-16,,19.0,,,,
2016-05-17,,22.0,,,,
2016-05-18,,24.0,,,,
2016-05-19,,30.0,,,,
2016-05-20,,29.0,,,,
2016-05-21,,36.0,,,,
2016-05-22,,26.0,,,,
2016-05-23,,28.0,,,,
2016-05-24,,25.0,,,,
2016-05-25,,29.0,,,,
2016-05-26,,28.0,,,,
2016-05-27,,35.0,,,,
2016-05-28,,13.0,,,,
2016-05-29,,22.0,,,,
2016-05-30,,23.0,,,,
2016-05-31,,27.0,,,,
2016-06-01,,13.0,,,,
2016-06-02,,14.0,,,,
2016-06-03,,16.0,,,,
2016-06-04,,22.0,,,,
2016-06-05,,21.0,,,,
2016-06-06,,12.0,,,,
2016-06-07,,14.0,,,,
2016-06-08,,24.0,,,,
2016-06-09,,32.0,,,,
2016-06-10,,24.0,,,,
2016-06-11,,27.0,,,,
2016-06-13,,22.0,,,,
2016-06-14,,22.0,,,,
2016-06-15,,25.0,,,,
2016-06-16,,18.0,,,,
2016-06-17,,32.0,,,,
2016-06-18,,14.0,,,,
2016-06-19,,18.0,,,,
2016-06-20,,17.0,,,,
2016-06-21,,22.0,,,,
2016-06-22,,26.0,,,,
2016-06-23,,32.0,,,,
2016-06-24,,40.0,,,,
2016-06-25,,36.0,,,,
2016-06-26,,27.0,,,,
2016-06-27,,15.0,,,,
2016-06-28,,21.0,,,,
2016-06-29,,28.0,,,,
2016-06-30,,24.0,,,,
2016-07-01,,23.0,,,,
2016-07-02,,23.0,,,,
2016-07-03,,12.0,,,,
2016-07-04,,21.0,,,,
2016-07-05,,23.0,,,,
2016-07-06,,16.0,,,,
2016-07-07,,16.0,,,,
2016-07-08,,26.0,,,,
2016-07-09,,16.0,,,,
2016-07-10,,14.0,,,,
2016-07-11,,23.0,,,,
2016-07-12,,28.0,,,,
2016-07-13,,16.0,,,,
2016-07-14,,12.0,,,,
2016-07-15,,11.0,,,,
2016-07-16,,11.0,,,,
2016-07-17,,15.0,,,,
2016-07-18,,21.0,,,,
2016-07-19,,17.0,,,,
2016-07-20,,16.0,,,,
2016-07-21,,23.0,,,,
2016-07-22,,19.0,,,,
2016-07-23,,23.0,,,,
2016-07-24,,18.0,,,,
2016-07-25,,25.0,,,,
2016-07-26,,31.0,,,,
2016-07-27,,26.0,,,,
2016-07-28,,26.0,,,,
2016-07-29,,22.0,,,,
2016-07-30,,15.0,,,,
2016-07-31,,15.0,,,,
2016-08-01,,11.0,,,,
2016-08-02,,22.0,,,,
2016-08-03,,20.0,,,,
2016-08-04,,23.0,,,,
2016-08-05,,25.0,,,,
2016-08-06,,12.0,,,,
2016-08-07,,18.0,,,,
2016-08-08,,24.0,,,,
2016-08-09,,25.0,,,,
2016-08-10,,9.0,,,,
2016-08-11,,20.0,,,,
2016-08-12,,25.0,,,,
2016-08-13,,18.0,,,,
2016-08-14,,16.0,,,,
2016-08-15,,19.0,,,,
2016-08-16,,32.0,,,,
2016-08-17,,26.0,,,,
2016-08-18,,31.0,,,,
2016-08-19,,35.0,,,,
2016-08-20,,32.0,,,,
2016-08-21,,29.0,,,,
2016-08-22,,22.0,,,,
2016-08-23,,23.0,,,,
2016-08-24,,20.0,,,,
2016-08-25,,21.0,,,,
2016-08-26,,29.0,,,,
2016-08-27,,33.0,,,,
2016-08-28,,29.0,,,,
2016-08-29,,34.0,,,,
2016-08-30,,20.0,,,,
2016-08-31,,26.0,,,,
2016-09-01,,38.0,,,,
2016-09-02,,45.0,,,,
2016-09-03,,43.0,,,,
2016-09-04,,26.0,,,,
2016-09-05,,11.0,,,,
2016-09-06,,14.0,,,,
2016-09-07,,30.0,,,,
2016-09-08,,32.0,,,,
2016-09-09,,42.0,,,,
2016-09-10,,45.0,,,,
2016-09-11,,53.0,,,,
2016-09-12,,38.0,,,,
2016-09-13,,44.0,,,,
2016-09-14,,34.0,,,,
2016-09-15,,36.0,,,,
2016-09-16,,49.0,,,,
2016-09-17,,42.0,,,,
2016-09-18,,35.0,,,,
2016-09-19,,30.0,,,,
2016-09-20,,25.0,,,,
2016-09-21,,29.0,,,,
2016-09-22,,33.0,,,,
2016-09-23,,35.0,,,,
2016-09-24,,45.0,,,,
2016-09-25,,27.0,,,,
2016-09-26,,24.0,,,,
2016-09-27,,32.0,,,,
2016-09-28,,45.0,,,,
2016-09-29,,26.0,,,,
2016-09-30,,33.0,,,,
2016-10-01,,43.0,,,,
2016-10-02,,32.0,,,,
2016-10-03,,12.0,,,,
2016-10-04,,13.0,,,,
2016-10-05,,7.0,,,,
2016-10-06,,13.0,,,,
2016-10-07,,33.0,,,,
2016-10-08,,40.0,,,,
2016-10-09,,34.0,,,,
2016-10-10,,30.0,,,,
2016-10-11,,21.0,,,,
2016-10-12,,13.0,,,,
2016-10-13,,18.0,,,,
2016-10-14,,24.0,,,,
2016-10-15,,20.0,,,,
2016-10-16,,19.0,,,,
2016-10-17,,13.0,,,,
2016-10-18,,32.0,,,,
2016-10-19,,40.0,,,,
2016-10-20,,34.0,,,,
2016-10-21,,37.0,,,,
2016-10-22,,42.0,,,,
2016-10-23,,31.0,,,,
2016-10-24,,42.0,,,,
2016-10-25,,35.0,,,,
2016-10-26,,26.0,,,,
2016-10-27,,41.0,,,,
2016-10-28,,53.0,,,,
2016-10-29,,18.0,,,,
2016-10-30,,18.0,,,,
2016-10-31,,25.0,,,,
2016-11-01,,28.0,,,,
2016-11-02,,20.0,,,,
2016-11-03,,20.0,,,,
2016-11-04,,47.0,,,,
2016-11-05,,34.0,,,,
2016-11-06,,28.0,,,,
2016-11-07,,33.0,,,,
2016-11-08,,46.0,,,,
2016-11-09,,73.0,,,,
2016-11-10,,54.0,,,,
2016-11-11,,27.0,,,,
2016-11-12,,31.0,,,,
2016-11-13,,25.0,,,,
2016-11-14,,43.0,,,,
2016-11-15,,68.0,,,,
2016-11-16,,28.0,,,,
2016-11-17,,36.0,,,,
2016-11-18,,41.0,,,,
2016-11-19,,47.0,,,,
2016-11-20,,29.0,,,,
2016-11-21,,39.0,,,,
2016-11-22,,39.0,,,,
2016-11-23,,62.0,,,,
2016-11-24,,96.0,,,,
2016-11-25,,53.0,,,,
2016-11-26,,58.0,,,,
2016-11-27,,20.0,,,,
2016-11-28,,13.0,,,,
2016-11-29,,27.0,,,,
2016-11-30,,32.0,,,,
2016-12-01,,17.0,,,,
2016-12-02,,15.0,,,,
2016-12-03,,22.0,,,,
2016-12-04,,55.0,,,,
2016-12-05,,77.0,,,,
2016-12-06,,47.0,,,,
2016-12-07,,50.0,,,,
2016-12-08,,34.0,,,,
2016-12-09,,27.0,,,,
2016-12-10,,17.0,,,,
2016-12-11,,15.0,,,,
2016-12-12,,13.0,,,,
2016-12-13,,49.0,,,,
2016-12-14,,47.0,,,,
2016-12-15,,24.0,,,,
2016-12-16,,51.0,,,,
2016-12-17,,76.0,,,,
2016-12-18,,55.0,,,,
2016-12-19,,66.0,,,,
2016-12-20,,65.0,,,,
2016-12-21,,77.0,,,,
2016-12-22,,56.0,,,,
2016-12-23,,46.0,,,,
2016-12-24,,39.0,,,,
2016-12-25,,16.0,,,,
2016-12-26,,11.0,,,,
2016-12-27,,14.0,,,,
2016-12-28,,13.0,,,,
2016-12-29,,29.0,,,,
2016-12-30,,73.0,,,,
2016-12-31,,80.0,,,,
2017-01-01,,84.0,,,,
2017-01-02,,58.0,,,,
2017-01-03,,29.0,,,,
2017-01-04,,11.0,,,,
2017-01-05,,15.0,,,,
2017-01-06,,24.0,,,,
2017-01-07,,74.0,,,,
2017-01-08,,83.0,,,,
2017-01-09,,101.0,,,,
2017-01-10,,95.0,,,,
2017-01-11,,149.0,,,,
2017-01-12,,31.0,,,,
2017-01-13,,31.0,,,,
2017-01-14,,27.0,,,,
2017-01-15,,36.0,,,,
2017-01-16,,55.0,,,,
2017-01-17,,59.0,,,,
2017-01-18,,32.0,,,,
2017-01-19,,62.0,,,,
2017-01-20,,86.0,,,,
2017-01-21,,49.0,,,,
2017-01-22,,48.0,,,,
2017-01-23,,103.0,,,,
2017-01-24,,77.0,,,,
2017-01-25,,100.0,,,,
2017-01-26,,70.0,,,,
2017-01-27,,138.0,,,,
2017-01-28,,128.0,,,,
2017-01-29,,145.0,,,,
2017-01-30,,183.0,,,,
2017-01-31,,120.0,,,,
2017-02-01,,102.0,,,,
2017-02-02,,89.0,,,,
2017-02-03,,93.0,,,,
2017-02-04,,56.0,,,,
2017-02-05,,56.0,,,,
2017-02-06,,57.0,,,,
2017-02-07,,37.0,,,,
2017-02-08,,31.0,,,,
2017-02-09,,43.0,,,,
2017-02-10,,48.0,,,,
2017-02-11,,49.0,,,,
2017-02-12,,38.0,,,,
2017-02-13,,46.0,,,,
2017-02-14,,101.0,,,,
2017-02-15,,128.0,,,,
2017-02-16,,94.0,,,,
2017-02-17,,77.0,,,,
2017-02-18,,56.0,,,,
2017-02-19,,52.0,,,,
2017-02-20,,29.0,,,,
2017-02-21,,12.0,,,,
2017-02-22,,14.0,,,,
2017-02-23,,15.0,,,,
2017-02-24,,13.0,,,,
2017-02-25,,26.0,,,,
2017-02-26,,26.0,,,,
2017-02-27,,31.0,,,,
2017-02-28,,34.0,,,,
2017-03-01,,22.0,,,,
2017-03-02,,22.0,,,,
2017-03-03,,32.0,,,,
2017-03-04,,35.0,,,,
2017-03-05,,17.0,,,,
2017-03-06,,22.0,,,,
2017-03-07,,37.0,,,,
2017-03-08,,38.0,,,,
2017-03-09,,46.0,,,,
2017-03-10,,39.0,,,,
2017-03-11,,23.0,,,,
2017-03-12,,24.0,,,,
2017-03-13,,36.0,,,,
2017-03-14,,76.0,,,,
2017-03-15,,61.0,,,,
2017-03-16,,37.0,,,,
2017-03-17,,43.0,,,,
2017-03-18,,14.0,,,,
2017-03-19,,12.0,,,,
2017-03-20,,22.0,,,,
2017-03-21,,40.0,,,,
2017-03-22,,34.0,,,,
2017-03-23,,20.0,,,,
2017-03-24,,42.0,,,,
2017-03-25,,48.0,,,,
2017-03-26,,16.0,,,,
2017-03-27,,48.0,,,,
2017-03-28,,50.0,,,,
2017-03-29,,46.0,,,,
2017-03-30,,30.0,,,,
2017-03-31,,45.0,,,,
2017-04-01,,39.0,,,,
2017-04-02,,31.0,,,,
2017-04-03,,22.0,,,,
2017-04-04,,22.0,,,,
2017-04-05,,34.0,,,,
2017-04-06,,14.0,,,,
2017-04-07,,18.0,,,,
2017-04-08,,12.0,,,,
2017-04-09,,28.0,,,,
2017-04-10,,33.0,,,,
2017-04-11,,19.0,,,,
2017-04-12,,22.0,,,,
2017-04-13,,14.0,,,,
2017-04-14,,22.0,,,,
2017-04-15,,30.0,,,,
2017-04-16,,14.0,,,,
2017-04-17,,21.0,,,,
2017-04-18,,11.0,,,,
2017-04-19,,14.0,,,,
2017-04-20,,17.0,,,,
2017-04-21,,33.0,,,,
2017-04-22,,20.0,,,,
2017-04-23,,17.0,,,,
2017-04-24,,22.0,,,,
2017-04-25,,28.0,,,,
2017-04-26,,16.0,,,,
2017-04-27,,12.0,,,,
2017-04-28,,16.0,,,,
2017-04-29,,27.0,,,,
2017-04-30,,23.0,,,,
2017-05-01,,20.0,,,,
2017-05-02,,21.0,,,,
2017-05-03,,25.0,,,,
2017-05-04,,25.0,,,,
2017-05-05,,21.0,,,,
2017-05-06,,26.0,,,,
2017-05-07,,31.0,,,,
2017-05-08,,17.0,,,,
2017-05-09,,13.0,,,,
2017-05-10,,22.0,,,,
2017-05-11,,32.0,,,,
2017-05-12,,27.0,,,,
2017-05-13,,30.0,,,,
2017-05-14,,24.0,,,,
2017-05-15,,28.0,,,,
2017-05-16,,30.0,,,,
2017-05-17,,24.0,,,,
2017-05-18,,27.0,,,,
2017-05-19,,26.0,,,,
2017-05-20,,33.0,,,,
2017-05-21,,22.0,,,,
2017-05-22,,21.0,,,,
2017-05-23,,31.0,,,,
2017-05-24,,21.0,,,,
2017-05-25,,21.0,,,,
2017-05-26,,24.0,,,,
2017-05-27,,17.0,,,,
2017-05-28,,23.0,,,,
2017-05-29,,41.0,,,,
2017-05-30,,27.0,,,,
2017-05-31,,22.0,,,,
2017-06-01,,21.0,,,,
2017-06-02,,26.0,,,,
2017-06-03,,22.0,,,,
2017-06-04,,21.0,,,,
2017-06-05,,16.0,,,,
2017-06-06,,22.0,,,,
2017-06-07,,13.0,,,,
2017-06-08,,20.0,,,,
2017-06-09,,25.0,,,,
2017-06-10,,21.0,,,,
2017-06-11,,20.0,,,,
2017-06-12,,24.0,,,,
2017-06-13,,22.0,,,,
2017-06-14,,20.0,,,,
2017-06-15,,21.0,,,,
2017-06-16,,21.0,,,,
2017-06-17,,11.0,,,,
2017-06-18,,18.0,,,,
2017-06-19,,24.0,,,,
2017-06-20,,24.0,,,,
2017-06-21,,17.0,,,,
2017-06-22,,27.0,,,,
2017-06-23,,21.0,,,,
2017-06-24,,28.0,,,,
2017-06-25,,26.0,,,,
2017-06-26,,19.0,,,,
2017-06-27,,18.0,,,,
2017-06-28,,27.0,,,,
2017-06-29,,20.0,,,,
2017-06-30,,14.0,,,,
2017-07-01,,14.0,,,,
2017-07-02,,10.0,,,,
2017-07-03,,16.0,,,,
2017-07-04,,21.0,,,,
2017-07-05,,18.0,,,,
2017-07-06,,19.0,,,,
2017-07-07,,25.0,,,,
2017-07-08,,19.0,,,,
2017-07-09,,19.0,,,,
2017-07-10,,22.0,,,,
2017-07-11,,14.0,,,,
2017-07-12,,15.0,,,,
2017-07-13,,14.0,,,,
2017-07-14,,22.0,,,,
2017-07-15,,17.0,,,,
2017-07-16,,18.0,,,,
2017-07-17,,19.0,,,,
2017-07-18,,24.0,,,,
2017-07-19,,26.0,,,,
2017-07-20,,27.0,,,,
2017-07-21,,21.0,,,,
2017-07-22,,21.0,,,,
2017-07-23,,15.0,,,,
2017-07-24,,16.0,,,,
2017-07-25,,15.0,,,,
2017-07-26,,12.0,,,,
2017-07-27,,13.0,,,,
2017-07-28,,17.0,,,,
2017-07-29,,21.0,,,,
2017-07-30,,18.0,,,,
2017-07-31,,24.0,,,,
2017-08-01,,29.0,,,,
2017-08-02,,38.0,,,,
2017-08-03,,33.0,,,,
2017-08-04,,30.0,,,,
2017-08-05,,28.0,,,,
2017-08-06,,15.0,,,,
2017-08-07,,14.0,,,,
2017-08-08,,15.0,,,,
2017-08-09,,20.0,,,,
2017-08-10,,32.0,,,,
2017-08-11,,34.0,,,,
2017-08-12,,11.0,,,,
2017-08-13,,10.0,,,,
2017-08-14,,17.0,,,,
2017-08-15,,9.0,,,,
2017-08-16,,16.0,,,,
2017-08-17,,16.0,,,,
2017-08-18,,22.0,,,,
2017-08-19,,16.0,,,,
2017-08-20,,6.0,,,,
2017-08-21,,13.0,,,,
2017-08-22,,13.0,,,,
2017-08-23,,15.0,,,,
2017-08-24,,21.0,,,,
2017-08-25,,25.0,,,,
2017-08-26,,27.0,,,,
2017-08-27,,19.0,,,,
2017-08-28,,13.0,,,,
2017-08-29,,14.0,,,,
2017-08-30,,18.0,,,,
2017-08-31,,23.0,,,,
2017-09-01,,23.0,,,,
2017-09-02,,6.0,,,,
2017-09-03,,6.0,,,,
2017-09-04,,9.0,,,,
2017-09-05,,12.0,,,,
2017-09-10,,17.0,,,,
2017-09-11,,18.0,,,,
2017-09-12,,9.0,,,,
2017-09-13,,10.0,,,,
2017-09-14,,8.0,,,,
2017-09-15,,11.0,,,,
2017-09-16,,14.0,,,,
2017-09-17,,13.0,,,,
2017-09-18,,14.0,,,,
2017-09-19,,20.0,,,,
2017-09-20,,8.0,,,,
2017-09-21,,9.0,,,,
2017-09-22,,13.0,,,,
2017-09-23,,12.0,,,,
2017-09-24,,12.0,,,,
2017-09-25,,15.0,,,,
2017-09-26,,20.0,,,,
2017-09-27,,23.0,,,,
2017-09-28,,21.0,,,,
2017-09-29,,35.0,,,,
2017-09-30,,33.0,,,,
2017-10-01,,31.0,,,,
2017-10-02,,35.0,,,,
2017-10-03,,26.0,,,,
2017-10-04,,14.0,,,,
2017-10-05,,12.0,,,,
2017-10-06,,8.0,,,,
2017-10-07,,14.0,,,,
2017-10-08,,8.0,,,,
2017-10-09,,17.0,,,,
2017-10-10,,14.0,,,,
2017-10-11,,10.0,,,,
2017-10-12,,17.0,,,,
2017-10-13,,21.0,,,,
2017-10-14,,29.0,,,,
2017-10-15,,20.0,,,,
2017-10-16,,29.0,,,,
2017-10-17,,36.0,,,,
2017-10-18,,43.0,,,,
2017-10-19,,45.0,,,,
2017-10-20,,50.0,,,,
2017-10-21,,41.0,,,,
2017-10-22,,28.0,,,,
2017-10-23,,14.0,,,,
2017-10-24,,12.0,,,,
2017-10-25,,29.0,,,,
2017-10-26,,21.0,,,,
2017-10-27,,15.0,,,,
2017-10-28,,9.0,,,,
2017-10-29,,6.0,,,,
2017-10-30,,10.0,,,,
2017-10-31,,22.0,,,,
2017-11-01,,13.0,,,,
2017-11-02,,15.0,,,,
2017-11-03,,22.0,,,,
2017-11-04,,33.0,,,,
2017-11-05,,22.0,,,,
2017-11-06,,33.0,,,,
2017-11-07,,27.0,,,,
2017-11-08,,20.0,,,,
2017-11-09,,45.0,,,,
2017-11-10,,21.0,,,,
2017-11-11,,9.0,,,,
2017-11-12,,10.0,,,,
2017-11-13,,18.0,,,,
2017-11-14,,26.0,,,,
2017-11-15,,51.0,,,,
2017-11-16,,50.0,,,,
2017-11-17,,50.0,,,,
2017-11-18,,29.0,,,,
2017-11-19,,13.0,,,,
2017-11-20,,12.0,,,,
2017-11-21,,21.0,,,,
2017-11-22,,29.0,,,,
2017-11-23,,42.0,,,,
2017-11-24,,57.0,,,,
2017-11-25,,45.0,,,,
2017-11-26,,18.0,,,,
2017-11-27,,42.0,,,,
2017-11-28,,39.0,,,,
2017-11-29,,54.0,,,,
2017-11-30,,26.0,,,,
2017-12-01,,31.0,,,,
2017-12-02,,56.0,,,,
2017-12-03,,29.0,,,,
2017-12-04,,24.0,,,,
2017-12-05,,17.0,,,,
2017-12-06,,16.0,,,,
2017-12-07,,24.0,,,,
2017-12-08,,24.0,,,,
2017-12-09,,26.0,,,,
2017-12-10,,13.0,,,,
2017-12-11,,11.0,,,,
2017-12-12,,12.0,,,,
2017-12-13,,31.0,,,,
2017-12-14,,18.0,,,,
2017-12-15,,24.0,,,,
2017-12-16,,45.0,,,,
2017-12-17,,50.0,,,,
2017-12-18,,44.0,,,,
2017-12-19,,33.0,,,,
2017-12-20,,51.0,,,,
2017-12-21,,32.0,,,,
2017-12-22,,18.0,,,,
2017-12-23,,13.0,,,,
2017-12-24,,9.0,,,,
2017-12-25,,19.0,,,,
2017-12-26,,52.0,,,,
2017-12-27,,40.0,,,,
2017-12-28,,21.0,,,,
2017-12-29,,23.0,,,,
2017-12-30,,30.0,,,,
2017-12-31,,179.0,,,,
2018-01-01,,36.0,,,,
2018-01-02,,41.0,,,,
2018-01-03,,14.0,,,,
2018-01-04,,13.0,,,,
2018-01-05,,21.0,,,,
2018-01-06,,45.0,,,,
2018-01-07,,28.0,,,,
2018-01-08,,15.0,,,,
2018-01-09,,21.0,,,,
2018-01-10,,32.0,,,,
2018-01-11,,35.0,,,,
2018-01-12,,21.0,,,,
2018-01-13,,15.0,,,,
2018-01-14,,18.0,,,,
2018-01-15,,40.0,,,,
2018-01-16,,36.0,,,,
2018-01-17,,17.0,,,,
2018-01-18,,16.0,,,,
2018-01-19,,21.0,,,,
2018-01-20,,52.0,,,,
2018-01-21,,47.0,,,,
2018-01-22,,51.0,,,,
2018-01-23,,54.0,,,,
2018-01-24,,63.0,,,,
2018-01-25,,62.0,,,,
2018-01-26,,107.0,,,,
2018-01-27,,92.0,,,,
2018-01-28,,37.0,,,,
2018-01-29,,12.0,,,,
2018-01-30,,13.0,,,,
2018-01-31,,37.0,,,,
2018-02-01,,39.0,,,,
2018-02-02,,27.0,,,,
2018-02-03,,68.0,,,,
2018-02-04,,47.0,,,,
2018-02-05,,20.0,,,,
2018-02-06,,55.0,,,,
2018-02-07,,56.0,,,,
2018-02-08,,58.0,,,,
2018-02-09,,65.0,,,,
2018-02-10,,61.0,,,,
2018-02-11,,54.0,,,,
2018-02-12,,65.0,,,,
2018-02-13,,55.0,,,,
2018-02-14,,35.0,,,,
2018-02-15,,42.0,,,,
2018-02-16,,60.0,,,,
2018-02-17,,62.0,,,,
2018-02-18,,33.0,,,,
2018-02-19,,32.0,,,,
2018-02-20,,50.0,,,,
2018-02-21,,43.0,,,,
2018-02-22,,31.0,,,,
2018-02-23,,35.0,,,,
2018-02-24,,35.0,,,,
2018-02-25,,30.0,,,,
2018-02-26,,42.0,,,,
2018-02-27,,29.0,,,,
2018-02-28,,29.0,,,,
2018-03-01,,68.0,,,,
2018-03-02,,63.0,,,,
2018-03-03,,71.0,,,,
2018-03-04,,90.0,,,,
2018-03-05,,80.0,,,,
2018-03-06,,60.0,,,,
2018-03-07,,58.0,,,,
2018-03-08,,42.0,,,,
2018-03-09,,45.0,,,,
2018-03-10,,55.0,,,,
2018-03-11,,47.0,,,,
2018-03-12,,22.0,,,,
2018-03-13,,19.0,,,,
2018-03-14,,34.0,,,,
2018-03-15,,28.0,,,,
2018-03-16,,26.0,,,,
2018-03-17,,16.0,,,,
2018-03-18,,19.0,,,,
2018-03-19,,21.0,,,,
2018-03-20,,35.0,,,,
2018-03-21,,34.0,,,,
2018-03-22,,51.0,,,,
2018-03-23,,64.0,,,,
2018-03-24,,54.0,,,,
2018-03-25,,53.0,,,,
2018-03-26,,55.0,,,,
2018-03-27,,44.0,,,,
2018-03-28,,38.0,,,,
2018-03-29,,40.0,,,,
2018-03-30,,29.0,,,,
2018-03-31,,22.0,,,,
2018-04-01,,24.0,,,,
2018-04-02,,23.0,,,,
2018-04-03,,37.0,,,,
2018-04-04,,41.0,,,,
2018-04-05,,31.0,,,,
2018-04-06,,23.0,,,,
2018-04-07,,32.0,,,,
2018-04-08,,30.0,,,,
2018-04-09,,38.0,,,,
2018-04-10,,39.0,,,,
2018-04-11,,37.0,,,,
2018-04-12,,41.0,,,,
2018-04-13,,46.0,,,,
2018-04-14,,20.0,,,,
2018-04-15,,27.0,,,,
2018-04-16,,39.0,,,,
2018-04-17,,25.0,,,,
2018-04-18,,26.0,,,,
2018-04-19,,40.0,,,,
2018-04-21,,22.0,,,,
2018-04-22,,14.0,,,,
2018-04-23,,33.0,,,,
2018-04-24,,31.0,,,,
2018-04-25,,27.0,,,,
2018-04-26,,18.0,,,,
2018-04-27,,20.0,,,,
2018-04-28,,26.0,,,,
2018-04-29,,29.0,,,,
2018-04-30,,28.0,,,,
2018-05-01,,20.0,,,,
2018-05-02,,27.0,,,,
2018-05-03,,29.0,,,,
2018-05-04,,21.0,,,,
2018-05-05,,15.0,,,,
2018-05-06,,12.0,,,,
2018-05-07,,16.0,,,,
2018-05-08,,21.0,,,,
2018-05-09,,25.0,,,,
2018-05-10,,31.0,,,,
2018-05-11,,27.0,,,,
2018-05-12,,22.0,,,,
2018-05-13,,16.0,,,,
2018-05-14,,16.0,,14.0,4.0,6.0
2018-05-15,59.0,16.0,,16.0,3.0,6.0
2018-05-16,51.0,16.0,,16.0,,6.0
2018-05-17,38.0,11.0,,16.0,2.0,6.0
2018-05-18,62.0,28.0,,8.0,2.0,5.0
2018-05-19,48.0,20.0,,10.0,2.0,5.0
2018-05-20,41.0,13.0,,18.0,5.0,6.0
2018-05-21,60.0,14.0,,18.0,4.0,7.0
2018-05-22,53.0,22.0,,15.0,3.0,6.0
2018-05-23,51.0,22.0,,7.0,2.0,5.0
2018-05-24,30.0,12.0,,11.0,3.0,5.0
2018-05-25,42.0,15.0,,12.0,3.0,6.0
2018-05-26,45.0,18.0,,10.0,3.0,6.0
2018-05-27,53.0,19.0,,10.0,5.0,7.0
2018-05-28,58.0,23.0,,19.0,5.0,7.0
2018-05-29,66.0,24.0,,14.0,3.0,6.0
2018-05-30,53.0,27.0,,10.0,3.0,6.0
2018-05-31,56.0,25.0,,10.0,3.0,6.0
2018-06-01,49.0,24.0,,11.0,3.0,6.0
2018-06-02,47.0,20.0,,9.0,3.0,6.0
2018-06-03,50.0,22.0,,15.0,4.0,7.0
2018-06-04,73.0,27.0,,14.0,3.0,7.0
2018-06-05,55.0,26.0,,13.0,4.0,5.0
2018-06-06,40.0,12.0,,18.0,7.0,6.0
2018-06-07,58.0,16.0,,16.0,6.0,7.0
2018-06-08,54.0,20.0,,10.0,3.0,7.0
2018-06-09,54.0,21.0,,9.0,5.0,7.0
2018-06-10,57.0,21.0,,11.0,3.0,6.0
2018-06-11,49.0,23.0,,12.0,3.0,7.0
2018-06-12,51.0,23.0,,7.0,3.0,6.0
2018-06-13,41.0,16.0,,8.0,2.0,6.0
2018-06-14,34.0,16.0,,9.0,2.0,6.0
2018-06-15,33.0,13.0,,8.0,3.0,7.0
2018-06-16,48.0,15.0,,8.0,3.0,7.0
2018-06-17,42.0,12.0,26.0,15.0,2.0,7.0
2018-06-18,46.0,21.0,37.0,11.0,2.0,6.0
2018-06-19,42.0,21.0,36.0,12.0,4.0,6.0
2018-06-20,57.0,22.0,30.0,12.0,5.0,4.0
2018-06-21,39.0,25.0,27.0,10.0,5.0,3.0
2018-06-22,32.0,12.0,22.0,8.0,5.0,3.0
2018-06-23,34.0,11.0,25.0,6.0,5.0,3.0
2018-06-24,28.0,8.0,30.0,9.0,3.0,3.0
2018-06-25,35.0,12.0,28.0,7.0,2.0,3.0
2018-06-26,28.0,9.0,30.0,4.0,1.0,3.0
2018-06-27,36.0,12.0,27.0,6.0,2.0,4.0
2018-06-28,36.0,14.0,40.0,5.0,2.0,4.0
2018-06-29,34.0,21.0,31.0,2.0,2.0,3.0
2018-06-30,18.0,10.0,24.0,4.0,2.0,3.0
2018-07-01,19.0,7.0,31.0,8.0,2.0,3.0
2018-07-02,33.0,19.0,43.0,14.0,3.0,4.0
2018-07-03,42.0,21.0,62.0,17.0,4.0,4.0
2018-07-04,50.0,26.0,72.0,20.0,3.0,8.0
2018-07-05,54.0,26.0,53.0,19.0,2.0,9.0
2018-07-06,58.0,19.0,42.0,6.0,2.0,6.0
2018-07-07,40.0,18.0,41.0,5.0,2.0,6.0
2018-07-08,44.0,24.0,42.0,14.0,2.0,7.0
2018-07-09,55.0,23.0,50.0,11.0,2.0,6.0
2018-07-10,49.0,24.0,28.0,14.0,2.0,7.0
2018-07-11,56.0,16.0,38.0,10.0,2.0,6.0
2018-07-12,39.0,9.0,42.0,10.0,1.0,6.0
2018-07-13,25.0,14.0,35.0,6.0,2.0,6.0
2018-07-14,36.0,13.0,34.0,4.0,2.0,5.0
2018-07-15,32.0,16.0,28.0,12.0,2.0,6.0
2018-07-16,38.0,13.0,22.0,11.0,2.0,6.0
2018-07-17,34.0,9.0,19.0,8.0,2.0,6.0
2018-07-18,20.0,11.0,15.0,10.0,1.0,6.0
2018-07-19,36.0,21.0,28.0,10.0,2.0,7.0
2018-07-20,51.0,27.0,58.0,9.0,2.0,7.0
2018-07-21,72.0,24.0,64.0,6.0,3.0,7.0
2018-07-22,66.0,26.0,43.0,12.0,3.0,6.0
2018-07-23,56.0,23.0,54.0,8.0,2.0,6.0
2018-07-24,48.0,22.0,40.0,8.0,1.0,6.0
2018-07-25,47.0,12.0,31.0,7.0,2.0,6.0
2018-07-26,34.0,15.0,39.0,6.0,3.0,6.0
2018-07-27,39.0,18.0,48.0,6.0,3.0,8.0
2018-07-28,56.0,20.0,44.0,7.0,2.0,7.0
2018-07-29,47.0,16.0,30.0,9.0,1.0,7.0
2018-07-30,59.0,15.0,38.0,5.0,4.0,8.0
2018-07-31,52.0,19.0,44.0,5.0,3.0,7.0
2018-08-01,49.0,21.0,45.0,5.0,4.0,7.0
2018-08-02,53.0,20.0,55.0,8.0,3.0,8.0
2018-08-03,60.0,23.0,54.0,7.0,1.0,7.0
2018-08-04,62.0,20.0,49.0,7.0,1.0,7.0
2018-08-05,50.0,13.0,40.0,6.0,1.0,6.0
2018-08-06,32.0,16.0,45.0,6.0,2.0,7.0
2018-08-07,42.0,26.0,48.0,10.0,4.0,10.0
2018-08-08,68.0,26.0,57.0,9.0,1.0,8.0
2018-08-09,60.0,22.0,46.0,11.0,1.0,7.0
2018-08-10,57.0,10.0,21.0,6.0,1.0,7.0
2018-08-11,30.0,14.0,46.0,9.0,2.0,7.0
2018-08-12,45.0,15.0,39.0,13.0,1.0,7.0
2018-08-13,50.0,26.0,38.0,8.0,2.0,8.0
2018-08-14,54.0,12.0,32.0,4.0,1.0,6.0
2018-08-15,34.0,13.0,39.0,8.0,2.0,7.0
2018-08-16,42.0,20.0,46.0,8.0,4.0,6.0
2018-08-17,68.0,30.0,50.0,8.0,2.0,5.0
2018-08-18,84.0,26.0,51.0,13.0,1.0,5.0
2018-08-19,73.0,25.0,48.0,17.0,1.0,4.0
2018-08-20,64.0,17.0,28.0,7.0,1.0,2.0
2018-08-21,32.0,19.0,45.0,7.0,2.0,3.0
2018-08-22,52.0,30.0,50.0,12.0,4.0,6.0
2018-08-23,81.0,31.0,40.0,13.0,2.0,4.0
2018-08-24,54.0,19.0,13.0,8.0,2.0,3.0
2018-08-25,35.0,9.0,21.0,5.0,1.0,3.0
2018-08-26,22.0,15.0,28.0,15.0,2.0,4.0
2018-08-27,53.0,19.0,24.0,10.0,1.0,4.0
2018-08-28,50.0,23.0,41.0,9.0,2.0,4.0
2018-08-29,72.0,27.0,38.0,12.0,2.0,5.0
2018-08-30,72.0,23.0,29.0,11.0,1.0,4.0
2018-08-31,59.0,27.0,45.0,6.0,3.0,5.0
2018-09-01,82.0,28.0,42.0,7.0,3.0,5.0
2018-09-02,84.0,25.0,44.0,7.0,4.0,5.0
2018-09-03,74.0,18.0,25.0,10.0,2.0,4.0
2018-09-04,50.0,22.0,31.0,8.0,2.0,4.0
2018-09-05,50.0,29.0,24.0,11.0,1.0,5.0
2018-09-06,63.0,34.0,47.0,10.0,3.0,6.0
2018-09-07,71.0,30.0,,10.0,2.0,7.0
2018-09-08,75.0,17.0,,,,
2018-09-09,,29.0,41.0,11.0,2.0,6.0
2018-09-10,63.0,34.0,31.0,16.0,2.0,6.0
2018-09-11,67.0,35.0,43.0,18.0,2.0,7.0
2018-09-12,66.0,46.0,63.0,18.0,2.0,7.0
2018-09-13,77.0,30.0,8.0,9.0,1.0,5.0
2018-09-14,58.0,13.0,20.0,10.0,,5.0
2018-09-15,48.0,21.0,34.0,10.0,1.0,5.0
2018-09-16,62.0,25.0,33.0,11.0,1.0,6.0
2018-09-17,61.0,18.0,43.0,9.0,2.0,6.0
2018-09-18,63.0,38.0,40.0,14.0,2.0,7.0
2018-09-19,65.0,45.0,49.0,14.0,2.0,7.0
2018-09-20,81.0,45.0,42.0,14.0,3.0,6.0
2018-09-21,85.0,16.0,21.0,10.0,2.0,5.0
2018-09-22,36.0,11.0,29.0,5.0,2.0,4.0
2018-09-23,29.0,8.0,25.0,6.0,1.0,4.0
2018-09-24,19.0,12.0,21.0,10.0,,4.0
2018-09-25,30.0,15.0,25.0,13.0,1.0,5.0
2018-09-26,52.0,21.0,20.0,12.0,1.0,5.0
2018-09-27,45.0,26.0,26.0,10.0,2.0,7.0
2018-09-28,50.0,20.0,25.0,6.0,1.0,5.0
2018-09-29,42.0,27.0,,7.0,1.0,7.0
2018-09-30,81.0,37.0,16.0,13.0,3.0,7.0
2018-10-01,77.0,18.0,17.0,13.0,2.0,6.0
2018-10-02,43.0,13.0,28.0,9.0,2.0,5.0
2018-10-03,25.0,23.0,21.0,14.0,1.0,6.0
2018-10-04,48.0,38.0,29.0,12.0,1.0,10.0
2018-10-05,91.0,32.0,30.0,10.0,2.0,8.0
2018-10-06,82.0,34.0,19.0,12.0,2.0,8.0
2018-10-07,73.0,15.0,22.0,7.0,2.0,6.0
2018-10-08,46.0,39.0,17.0,12.0,3.0,8.0
2018-10-09,81.0,40.0,26.0,11.0,4.0,10.0
2018-10-10,106.0,42.0,15.0,14.0,5.0,8.0
2018-10-11,119.0,49.0,28.0,15.0,5.0,7.0
2018-10-12,109.0,54.0,27.0,14.0,4.0,7.0
2018-10-13,128.0,40.0,26.0,10.0,3.0,7.0
2018-10-14,110.0,40.0,24.0,15.0,4.0,8.0
2018-10-15,104.0,51.0,28.0,24.0,2.0,11.0
2018-10-16,125.0,66.0,25.0,20.0,4.0,9.0
2018-10-17,138.0,67.0,2.0,24.0,4.0,11.0
2018-10-18,162.0,74.0,11.0,17.0,3.0,9.0
2018-10-19,158.0,46.0,18.0,11.0,2.0,5.0
2018-10-20,110.0,23.0,19.0,5.0,2.0,4.0
2018-10-21,64.0,47.0,6.0,12.0,2.0,7.0
2018-10-22,117.0,18.0,21.0,9.0,3.0,3.0
2018-10-23,35.0,10.0,29.0,4.0,3.0,2.0
2018-10-24,16.0,13.0,24.0,11.0,3.0,3.0
2018-10-25,27.0,29.0,21.0,23.0,11.0,7.0
2018-10-26,75.0,33.0,13.0,18.0,13.0,12.0
2018-10-27,125.0,14.0,22.0,4.0,3.0,21.0
2018-10-28,40.0,24.0,18.0,9.0,5.0,16.0
2018-10-29,59.0,29.0,27.0,12.0,5.0,11.0
2018-10-30,42.0,25.0,19.0,22.0,3.0,9.0
2018-10-31,61.0,47.0,24.0,10.0,4.0,5.0
2018-11-01,92.0,55.0,27.0,14.0,3.0,4.0
2018-11-02,82.0,40.0,10.0,7.0,2.0,4.0
2018-11-03,91.0,23.0,10.0,9.0,2.0,6.0
2018-11-04,88.0,39.0,7.0,10.0,3.0,5.0
2018-11-05,104.0,43.0,8.0,16.0,5.0,8.0
2018-11-06,103.0,50.0,4.0,13.0,4.0,10.0
2018-11-07,136.0,69.0,6.0,19.0,4.0,13.0
2018-11-08,151.0,64.0,3.0,13.0,3.0,13.0
2018-11-09,160.0,69.0,5.0,10.0,4.0,13.0
2018-11-10,161.0,60.0,6.0,8.0,5.0,12.0
2018-11-11,147.0,66.0,7.0,9.0,4.0,12.0
2018-11-12,154.0,60.0,10.0,15.0,4.0,12.0
2018-11-13,135.0,26.0,14.0,17.0,2.0,4.0
2018-11-14,58.0,23.0,17.0,9.0,2.0,3.0
2018-11-15,56.0,16.0,15.0,7.0,2.0,4.0
2018-11-16,72.0,36.0,16.0,10.0,3.0,5.0
2018-11-17,108.0,45.0,13.0,12.0,4.0,6.0
2018-11-18,121.0,32.0,18.0,6.0,3.0,5.0
2018-11-19,76.0,37.0,14.0,8.0,4.0,4.0
2018-11-20,98.0,31.0,16.0,6.0,3.0,4.0
2018-11-21,73.0,45.0,12.0,7.0,3.0,7.0
2018-11-22,102.0,58.0,6.0,11.0,4.0,7.0
2018-11-23,143.0,44.0,1.0,10.0,4.0,11.0
2018-11-24,123.0,44.0,2.0,9.0,5.0,10.0
2018-11-25,109.0,23.0,12.0,5.0,4.0,5.0
2018-11-26,65.0,22.0,16.0,12.0,3.0,6.0
2018-11-27,77.0,41.0,17.0,11.0,3.0,6.0
2018-11-28,99.0,28.0,17.0,12.0,3.0,7.0
2018-11-29,110.0,27.0,12.0,12.0,5.0,8.0
2018-11-30,95.0,60.0,8.0,13.0,4.0,10.0
2018-12-01,146.0,47.0,9.0,11.0,6.0,10.0
2018-12-02,120.0,31.0,8.0,20.0,7.0,11.0
2018-12-03,87.0,27.0,11.0,13.0,6.0,10.0
2018-12-04,72.0,39.0,14.0,18.0,3.0,8.0
2018-12-05,77.0,61.0,4.0,22.0,5.0,10.0
2018-12-06,119.0,40.0,5.0,21.0,5.0,11.0
2018-12-07,109.0,22.0,16.0,12.0,5.0,7.0
2018-12-08,55.0,7.0,22.0,9.0,5.0,6.0
2018-12-09,25.0,16.0,19.0,12.0,4.0,6.0
2018-12-10,34.0,22.0,17.0,19.0,3.0,9.0
2018-12-11,76.0,32.0,9.0,11.0,3.0,8.0
2018-12-12,75.0,56.0,13.0,14.0,3.0,9.0
2018-12-13,124.0,28.0,10.0,9.0,3.0,8.0
2018-12-14,86.0,20.0,13.0,5.0,4.0,7.0
2018-12-15,68.0,40.0,13.0,9.0,4.0,10.0
2018-12-16,94.0,80.0,2.0,21.0,4.0,19.0
2018-12-17,177.0,73.0,2.0,19.0,5.0,16.0
2018-12-18,167.0,54.0,13.0,15.0,3.0,12.0
2018-12-19,125.0,61.0,4.0,20.0,5.0,14.0
2018-12-20,149.0,37.0,11.0,23.0,7.0,13.0
2018-12-21,99.0,11.0,17.0,12.0,6.0,8.0
2018-12-22,30.0,18.0,13.0,11.0,4.0,9.0
2018-12-23,53.0,11.0,17.0,6.0,4.0,8.0
2018-12-24,28.0,17.0,20.0,6.0,3.0,8.0
2018-12-25,53.0,19.0,16.0,6.0,3.0,7.0
2018-12-26,51.0,18.0,12.0,9.0,3.0,8.0
2018-12-27,52.0,22.0,11.0,12.0,3.0,8.0
2018-12-28,53.0,16.0,13.0,10.0,3.0,8.0
2018-12-29,47.0,15.0,13.0,8.0,3.0,9.0
2018-12-30,42.0,,,,,
2018-12-31,,22.0,20.0,8.0,3.0,8.0
2019-01-01,60.0,10.0,24.0,7.0,3.0,6.0
2019-01-02,34.0,12.0,23.0,6.0,3.0,7.0
2019-01-03,31.0,24.0,23.0,11.0,3.0,8.0
2019-01-04,57.0,14.0,17.0,10.0,2.0,8.0
2019-01-05,45.0,10.0,22.0,5.0,1.0,6.0
2019-01-06,39.0,33.0,18.0,19.0,3.0,10.0
2019-01-07,99.0,36.0,12.0,22.0,4.0,12.0
2019-01-08,105.0,34.0,10.0,18.0,3.0,9.0
2019-01-09,88.0,58.0,10.0,12.0,1.0,6.0
2019-01-10,138.0,52.0,11.0,16.0,2.0,6.0
2019-01-11,135.0,26.0,15.0,13.0,2.0,4.0
2019-01-12,66.0,9.0,15.0,9.0,2.0,3.0
2019-01-13,29.0,11.0,21.0,8.0,2.0,2.0
2019-01-14,24.0,17.0,21.0,11.0,1.0,2.0
2019-01-15,41.0,18.0,15.0,17.0,2.0,5.0
2019-01-16,68.0,21.0,19.0,24.0,3.0,9.0
2019-01-17,87.0,11.0,19.0,13.0,1.0,3.0
2019-01-18,27.0,42.0,17.0,15.0,2.0,5.0
2019-01-19,83.0,74.0,9.0,13.0,1.0,10.0
2019-01-20,161.0,85.0,2.0,22.0,3.0,11.0
2019-01-21,172.0,94.0,12.0,17.0,4.0,10.0
2019-01-22,165.0,32.0,18.0,8.0,2.0,4.0
2019-01-23,94.0,26.0,19.0,7.0,3.0,4.0
2019-01-24,71.0,42.0,17.0,14.0,4.0,5.0
2019-01-25,99.0,48.0,11.0,15.0,4.0,4.0
2019-01-26,110.0,49.0,16.0,13.0,5.0,5.0
2019-01-27,100.0,53.0,5.0,25.0,3.0,10.0
2019-01-28,126.0,24.0,7.0,16.0,2.0,6.0
2019-01-29,65.0,45.0,11.0,14.0,5.0,9.0
2019-01-30,106.0,69.0,9.0,21.0,10.0,15.0
2019-01-31,158.0,59.0,19.0,28.0,12.0,13.0
2019-02-01,142.0,25.0,19.0,13.0,6.0,4.0
2019-02-02,52.0,45.0,8.0,13.0,2.0,8.0
2019-02-03,106.0,22.0,8.0,12.0,,5.0
2019-02-04,55.0,38.0,13.0,17.0,1.0,9.0
2019-02-05,86.0,57.0,15.0,22.0,2.0,
2019-02-06,105.0,66.0,7.0,24.0,3.0,
2019-02-07,140.0,63.0,8.0,27.0,3.0,
2019-02-08,132.0,55.0,16.0,14.0,3.0,
2019-02-09,108.0,25.0,25.0,11.0,2.0,
2019-02-10,55.0,14.0,17.0,14.0,2.0,
2019-02-11,37.0,15.0,18.0,8.0,,
2019-02-12,31.0,29.0,15.0,12.0,,
2019-02-13,61.0,30.0,12.0,14.0,1.0,
2019-02-14,75.0,37.0,13.0,22.0,1.0,
2019-02-15,86.0,54.0,17.0,20.0,3.0,
2019-02-16,117.0,58.0,19.0,20.0,4.0,
2019-02-17,123.0,77.0,12.0,25.0,4.0,
2019-02-18,140.0,72.0,19.0,18.0,5.0,
2019-02-19,136.0,31.0,14.0,14.0,2.0,
2019-02-20,63.0,36.0,17.0,14.0,3.0,
2019-02-21,68.0,13.0,23.0,5.0,1.0,
2019-02-22,31.0,22.0,21.0,11.0,4.0,
2019-02-23,73.0,55.0,16.0,14.0,5.0,
2019-02-24,114.0,54.0,14.0,20.0,8.0,
2019-02-25,103.0,37.0,18.0,12.0,5.0,
2019-02-26,75.0,40.0,15.0,18.0,2.0,
2019-02-27,81.0,42.0,20.0,15.0,5.0,
2019-02-28,72.0,50.0,13.0,13.0,3.0,
2019-03-01,95.0,32.0,19.0,13.0,4.0,
2019-03-02,75.0,33.0,16.0,14.0,4.0,
2019-03-03,80.0,19.0,21.0,17.0,5.0,
2019-03-04,27.0,13.0,22.0,9.0,3.0,
2019-03-05,19.0,25.0,20.0,16.0,2.0,
2019-03-06,55.0,34.0,21.0,18.0,4.0,
2019-03-07,53.0,15.0,22.0,13.0,3.0,
2019-03-08,25.0,12.0,22.0,9.0,3.0,
2019-03-09,32.0,8.0,25.0,6.0,4.0,
2019-03-10,21.0,13.0,23.0,9.0,3.0,
2019-03-11,29.0,21.0,19.0,15.0,3.0,
2019-03-12,60.0,21.0,18.0,18.0,3.0,
2019-03-13,48.0,16.0,18.0,20.0,3.0,
2019-03-14,46.0,10.0,20.0,10.0,4.0,
2019-03-15,22.0,11.0,24.0,8.0,4.0,
2019-03-16,31.0,18.0,28.0,15.0,4.0,
2019-03-17,43.0,17.0,21.0,13.0,3.0,
2019-03-18,39.0,39.0,18.0,15.0,3.0,
2019-03-19,71.0,58.0,20.0,19.0,3.0,9.0
2019-03-20,115.0,72.0,16.0,21.0,3.0,7.0
2019-03-21,110.0,49.0,12.0,19.0,3.0,7.0
2019-03-22,113.0,42.0,18.0,11.0,4.0,8.0
2019-03-23,106.0,32.0,22.0,9.0,3.0,6.0
2019-03-24,81.0,21.0,19.0,13.0,3.0,5.0
2019-03-25,46.0,17.0,22.0,8.0,3.0,5.0
2019-03-26,39.0,24.0,23.0,15.0,3.0,6.0
2019-03-27,53.0,44.0,9.0,17.0,2.0,8.0
2019-03-28,96.0,51.0,24.0,18.0,3.0,10.0
2019-03-29,113.0,55.0,29.0,17.0,7.0,10.0
2019-03-30,126.0,40.0,42.0,8.0,4.0,8.0
2019-03-31,92.0,14.0,37.0,4.0,3.0,5.0
2019-04-01,36.0,24.0,40.0,7.0,6.0,4.0
2019-04-02,68.0,37.0,42.0,12.0,6.0,3.0
2019-04-03,83.0,43.0,44.0,10.0,6.0,3.0
2019-04-04,71.0,38.0,41.0,14.0,6.0,4.0
2019-04-05,72.0,37.0,26.0,10.0,5.0,5.0
2019-04-06,82.0,26.0,39.0,14.0,4.0,5.0
2019-04-07,70.0,33.0,42.0,17.0,5.0,5.0
2019-04-08,96.0,37.0,46.0,10.0,5.0,3.0
2019-04-09,81.0,25.0,31.0,6.0,4.0,2.0
2019-04-10,56.0,26.0,30.0,7.0,2.0,2.0
2019-04-11,58.0,21.0,25.0,5.0,2.0,2.0
2019-04-12,58.0,31.0,25.0,8.0,2.0,3.0
2019-04-13,78.0,22.0,40.0,5.0,4.0,3.0
2019-04-14,65.0,26.0,41.0,9.0,5.0,3.0
2019-04-15,63.0,26.0,42.0,9.0,5.0,4.0
2019-04-16,76.0,23.0,31.0,12.0,3.0,3.0
2019-04-17,62.0,31.0,45.0,14.0,4.0,4.0
2019-04-18,82.0,39.0,49.0,16.0,3.0,5.0
2019-04-19,77.0,28.0,48.0,9.0,3.0,7.0
2019-04-20,57.0,18.0,43.0,8.0,3.0,
2019-04-21,43.0,19.0,40.0,7.0,4.0,
2019-04-22,61.0,23.0,41.0,8.0,6.0,
2019-04-23,58.0,27.0,38.0,6.0,4.0,
2019-04-24,44.0,33.0,35.0,15.0,4.0,
2019-04-25,53.0,47.0,32.0,15.0,4.0,
2019-04-26,55.0,25.0,19.0,10.0,4.0,
2019-04-27,40.0,18.0,19.0,8.0,3.0,
2019-04-28,49.0,11.0,21.0,12.0,2.0,
2019-04-29,32.0,12.0,13.0,7.0,2.0,
2019-04-30,39.0,21.0,43.0,6.0,2.0,3.0
2019-05-01,47.0,24.0,45.0,10.0,3.0,4.0
2019-05-02,50.0,24.0,28.0,8.0,3.0,4.0
2019-05-03,53.0,20.0,38.0,5.0,3.0,3.0
2019-05-04,40.0,11.0,27.0,4.0,2.0,3.0
2019-05-05,30.0,12.0,28.0,8.0,2.0,4.0
2019-05-06,26.0,18.0,31.0,11.0,2.0,4.0
2019-05-07,34.0,27.0,39.0,10.0,2.0,5.0
2019-05-08,93.0,22.0,31.0,15.0,4.0,5.0
2019-05-09,44.0,15.0,27.0,11.0,3.0,4.0
2019-05-10,46.0,16.0,43.0,7.0,2.0,5.0
2019-05-11,39.0,17.0,28.0,8.0,2.0,4.0
2019-05-12,55.0,8.0,27.0,6.0,1.0,3.0
2019-05-13,25.0,7.0,24.0,5.0,1.0,4.0
2019-05-14,23.0,7.0,11.0,7.0,1.0,4.0
2019-05-15,21.0,13.0,26.0,7.0,3.0,4.0
2019-05-16,44.0,22.0,31.0,9.0,3.0,4.0
2019-05-17,54.0,18.0,40.0,6.0,3.0,4.0
2019-05-18,40.0,13.0,32.0,5.0,4.0,3.0
2019-05-19,33.0,15.0,36.0,7.0,3.0,3.0
2019-05-20,26.0,16.0,25.0,14.0,3.0,4.0
2019-05-21,31.0,8.0,27.0,12.0,3.0,3.0
2019-05-22,19.0,8.0,14.0,11.0,2.0,3.0
2019-05-23,20.0,28.0,12.0,13.0,2.0,5.0
2019-05-24,61.0,23.0,48.0,10.0,2.0,5.0
2019-05-25,62.0,27.0,47.0,10.0,2.0,4.0
2019-05-26,62.0,20.0,37.0,10.0,2.0,4.0
2019-05-27,42.0,17.0,25.0,8.0,2.0,3.0
2019-05-28,25.0,10.0,17.0,6.0,2.0,2.0
2019-05-29,24.0,14.0,20.0,8.0,1.0,3.0
2019-05-30,34.0,22.0,40.0,10.0,2.0,4.0
2019-05-31,57.0,22.0,33.0,10.0,1.0,4.0
2019-06-01,56.0,14.0,41.0,5.0,2.0,4.0
2019-06-02,45.0,11.0,38.0,6.0,3.0,3.0
2019-06-03,40.0,18.0,44.0,7.0,3.0,3.0
2019-06-04,41.0,18.0,40.0,6.0,4.0,4.0
2019-06-05,44.0,14.0,40.0,7.0,3.0,3.0
2019-06-06,32.0,21.0,44.0,10.0,2.0,4.0
2019-06-07,43.0,22.0,46.0,6.0,2.0,4.0
2019-06-08,44.0,13.0,45.0,4.0,1.0,3.0
2019-06-09,41.0,18.0,42.0,6.0,2.0,4.0
2019-06-10,54.0,27.0,45.0,7.0,2.0,5.0
2019-06-11,46.0,27.0,45.0,8.0,2.0,4.0
2019-06-12,38.0,32.0,47.0,10.0,2.0,5.0
2019-06-13,50.0,29.0,49.0,8.0,1.0,5.0
2019-06-14,53.0,35.0,48.0,7.0,2.0,7.0
2019-06-15,64.0,21.0,49.0,5.0,2.0,5.0
2019-06-16,40.0,14.0,37.0,5.0,1.0,4.0
2019-06-17,26.0,20.0,44.0,6.0,2.0,5.0
2019-06-18,54.0,26.0,43.0,9.0,2.0,6.0
2019-06-19,43.0,16.0,37.0,6.0,2.0,5.0
2019-06-20,34.0,20.0,47.0,8.0,2.0,5.0
2019-06-21,39.0,16.0,38.0,4.0,2.0,5.0
2019-06-22,46.0,11.0,41.0,3.0,3.0,4.0
2019-06-23,25.0,15.0,40.0,5.0,2.0,5.0
2019-06-24,37.0,24.0,45.0,6.0,2.0,6.0
2019-06-25,71.0,26.0,47.0,11.0,2.0,6.0
2019-06-26,62.0,25.0,48.0,7.0,2.0,5.0
2019-06-27,51.0,14.0,36.0,7.0,2.0,4.0
2019-06-28,33.0,14.0,48.0,7.0,2.0,5.0
2019-06-29,44.0,14.0,44.0,10.0,2.0,5.0
2019-06-30,44.0,27.0,67.0,12.0,3.0,5.0
2019-07-01,50.0,18.0,47.0,8.0,2.0,5.0
2019-07-02,38.0,13.0,38.0,7.0,2.0,3.0
2019-07-03,38.0,14.0,42.0,11.0,2.0,1.0
2019-07-04,44.0,22.0,39.0,13.0,3.0,1.0
2019-07-05,48.0,20.0,50.0,9.0,3.0,1.0
2019-07-06,53.0,13.0,40.0,5.0,3.0,1.0
2019-07-07,35.0,13.0,33.0,7.0,2.0,1.0
2019-07-08,32.0,14.0,32.0,11.0,3.0,1.0
2019-07-09,34.0,14.0,28.0,8.0,3.0,1.0
2019-07-10,37.0,12.0,25.0,8.0,2.0,1.0
2019-07-11,31.0,14.0,37.0,10.0,3.0,1.0
2019-07-12,38.0,15.0,31.0,6.0,2.0,2.0
2019-07-13,47.0,13.0,23.0,6.0,2.0,1.0
2019-07-14,36.0,12.0,36.0,7.0,2.0,1.0
2019-07-15,36.0,18.0,32.0,9.0,2.0,1.0
2019-07-16,56.0,14.0,27.0,7.0,3.0,1.0
2019-07-17,45.0,18.0,40.0,11.0,3.0,2.0
2019-07-18,50.0,18.0,44.0,13.0,2.0,2.0
2019-07-19,58.0,19.0,48.0,9.0,2.0,3.0
2019-07-20,62.0,18.0,44.0,7.0,2.0,2.0
2019-07-21,43.0,20.0,38.0,11.0,2.0,2.0
2019-07-22,54.0,16.0,16.0,11.0,2.0,2.0
2019-07-23,44.0,16.0,19.0,8.0,2.0,2.0
2019-07-24,47.0,17.0,35.0,8.0,2.0,2.0
2019-07-25,44.0,23.0,42.0,8.0,3.0,2.0
2019-07-26,43.0,19.0,40.0,6.0,4.0,2.0
2019-07-27,48.0,16.0,46.0,4.0,4.0,2.0
2019-07-28,41.0,19.0,54.0,8.0,3.0,2.0
2019-07-29,44.0,21.0,40.0,8.0,3.0,2.0
2019-07-30,52.0,27.0,29.0,7.0,2.0,2.0
2019-07-31,61.0,21.0,40.0,7.0,2.0,2.0
2019-08-01,49.0,14.0,42.0,7.0,3.0,2.0
2019-08-02,47.0,11.0,29.0,6.0,3.0,2.0
2019-08-03,42.0,13.0,33.0,6.0,3.0,1.0
2019-08-04,48.0,13.0,43.0,9.0,3.0,2.0
2019-08-05,42.0,15.0,45.0,11.0,3.0,2.0
2019-08-06,48.0,20.0,35.0,9.0,3.0,2.0
2019-08-07,44.0,15.0,36.0,10.0,3.0,2.0
2019-08-08,42.0,21.0,41.0,13.0,3.0,2.0
2019-08-09,54.0,18.0,36.0,6.0,3.0,2.0
2019-08-10,53.0,6.0,39.0,5.0,3.0,2.0
2019-08-11,38.0,27.0,44.0,8.0,4.0,3.0
2019-08-12,55.0,14.0,30.0,10.0,3.0,2.0
2019-08-13,40.0,14.0,22.0,9.0,3.0,2.0
2019-08-14,43.0,19.0,42.0,5.0,3.0,2.0
2019-08-15,53.0,19.0,23.0,11.0,4.0,2.0
2019-08-16,53.0,16.0,36.0,6.0,3.0,3.0
2019-08-17,54.0,14.0,28.0,7.0,3.0,3.0
2019-08-18,47.0,17.0,44.0,10.0,2.0,3.0
2019-08-19,38.0,12.0,32.0,5.0,1.0,2.0
2019-08-20,49.0,14.0,23.0,6.0,1.0,2.0
2019-08-21,40.0,16.0,34.0,5.0,2.0,2.0
2019-08-22,52.0,19.0,40.0,6.0,3.0,3.0
2019-08-23,65.0,19.0,42.0,7.0,6.0,4.0
2019-08-24,71.0,21.0,39.0,7.0,5.0,4.0
2019-08-25,75.0,27.0,40.0,9.0,5.0,4.0
2019-08-26,75.0,31.0,36.0,10.0,2.0,4.0
2019-08-27,73.0,33.0,45.0,9.0,1.0,3.0
2019-08-28,67.0,28.0,42.0,10.0,2.0,3.0
2019-08-29,59.0,27.0,58.0,9.0,2.0,3.0
2019-08-30,73.0,21.0,52.0,6.0,3.0,3.0
2019-08-31,74.0,27.0,44.0,8.0,3.0,4.0
2019-09-01,67.0,18.0,30.0,9.0,2.0,3.0
2019-09-02,43.0,15.0,23.0,9.0,1.0,2.0
2019-09-03,36.0,23.0,39.0,11.0,2.0,3.0
2019-09-04,52.0,19.0,37.0,11.0,2.0,3.0
2019-09-05,53.0,19.0,31.0,7.0,2.0,2.0
2019-09-06,49.0,23.0,23.0,11.0,4.0,3.0
2019-09-07,78.0,11.0,35.0,5.0,2.0,3.0
2019-09-08,49.0,16.0,24.0,10.0,3.0,3.0
2019-09-09,50.0,8.0,29.0,10.0,2.0,3.0
2019-09-10,28.0,19.0,38.0,9.0,2.0,4.0
2019-09-11,53.0,22.0,39.0,14.0,2.0,4.0
2019-09-12,58.0,21.0,30.0,14.0,2.0,4.0
2019-09-13,46.0,18.0,28.0,4.0,1.0,3.0
2019-09-14,40.0,19.0,32.0,8.0,2.0,3.0
2019-09-15,50.0,20.0,25.0,13.0,3.0,4.0
2019-09-16,42.0,17.0,24.0,9.0,3.0,3.0
2019-09-17,27.0,12.0,24.0,11.0,3.0,3.0
2019-09-18,30.0,13.0,21.0,11.0,3.0,3.0
2019-09-19,41.0,23.0,19.0,12.0,3.0,4.0
2019-09-20,51.0,30.0,29.0,9.0,2.0,4.0
2019-09-21,66.0,26.0,32.0,7.0,3.0,5.0
2019-09-22,63.0,24.0,21.0,8.0,4.0,4.0
2019-09-23,63.0,43.0,17.0,7.0,6.0,4.0
2019-09-24,102.0,46.0,6.0,12.0,4.0,5.0
2019-09-25,97.0,19.0,21.0,13.0,4.0,4.0
2019-09-26,43.0,22.0,19.0,12.0,3.0,4.0
2019-09-27,43.0,12.0,23.0,8.0,3.0,3.0
2019-09-28,37.0,11.0,24.0,9.0,3.0,3.0
2019-09-29,31.0,12.0,27.0,8.0,4.0,3.0
2019-09-30,16.0,13.0,27.0,16.0,2.0,3.0
2019-10-01,27.0,19.0,15.0,16.0,2.0,3.0
2019-10-02,30.0,17.0,18.0,13.0,1.0,2.0
2019-10-03,47.0,23.0,15.0,13.0,2.0,3.0
2019-10-04,59.0,17.0,19.0,5.0,2.0,2.0
2019-10-05,48.0,15.0,21.0,5.0,1.0,2.0
2019-10-06,42.0,28.0,24.0,9.0,,4.0
2019-10-07,68.0,32.0,19.0,15.0,1.0,5.0
2019-10-08,82.0,18.0,10.0,14.0,1.0,3.0
2019-10-09,50.0,12.0,22.0,12.0,1.0,2.0
2019-10-10,21.0,16.0,21.0,17.0,2.0,3.0
2019-10-11,41.0,19.0,24.0,14.0,1.0,4.0
2019-10-12,57.0,29.0,22.0,15.0,1.0,5.0
2019-10-13,65.0,36.0,21.0,16.0,1.0,6.0
2019-10-14,77.0,41.0,28.0,15.0,2.0,6.0
2019-10-15,91.0,21.0,22.0,16.0,1.0,3.0
2019-10-16,45.0,26.0,28.0,14.0,1.0,4.0
2019-10-17,51.0,37.0,25.0,17.0,1.0,6.0
2019-10-18,80.0,48.0,19.0,12.0,2.0,6.0
2019-10-19,102.0,29.0,24.0,11.0,1.0,5.0
2019-10-20,74.0,36.0,14.0,19.0,1.0,6.0
2019-10-21,72.0,47.0,21.0,17.0,2.0,7.0
2019-10-22,95.0,45.0,8.0,13.0,2.0,6.0
2019-10-23,125.0,43.0,10.0,15.0,4.0,7.0
2019-10-24,114.0,53.0,18.0,19.0,2.0,7.0
2019-10-25,113.0,49.0,19.0,16.0,1.0,8.0
2019-10-26,116.0,36.0,25.0,12.0,2.0,6.0
2019-10-27,85.0,25.0,21.0,16.0,2.0,4.0
2019-10-28,52.0,46.0,13.0,16.0,3.0,5.0
2019-10-29,106.0,22.0,23.0,11.0,1.0,3.0
2019-10-30,64.0,52.0,10.0,15.0,2.0,7.0
2019-10-31,127.0,57.0,9.0,16.0,3.0,9.0
2019-11-01,148.0,35.0,8.0,13.0,3.0,6.0
2019-11-02,83.0,20.0,26.0,7.0,4.0,4.0
2019-11-03,49.0,22.0,17.0,16.0,4.0,4.0
2019-11-04,40.0,26.0,14.0,18.0,3.0,6.0
2019-11-05,53.0,40.0,14.0,18.0,4.0,6.0
2019-11-06,78.0,50.0,7.0,16.0,4.0,10.0
2019-11-07,118.0,40.0,4.0,13.0,3.0,8.0
2019-11-08,102.0,30.0,2.0,13.0,3.0,7.0
2019-11-09,73.0,19.0,8.0,8.0,2.0,4.0
2019-11-10,49.0,20.0,19.0,9.0,3.0,4.0
2019-11-11,73.0,19.0,11.0,15.0,8.0,6.0
2019-11-12,76.0,29.0,16.0,11.0,4.0,5.0
2019-11-13,62.0,21.0,11.0,11.0,5.0,5.0
2019-11-14,63.0,30.0,5.0,9.0,4.0,6.0
2019-11-15,85.0,35.0,16.0,11.0,3.0,8.0
2019-11-16,81.0,27.0,15.0,13.0,3.0,9.0
2019-11-17,92.0,29.0,10.0,24.0,3.0,12.0
2019-11-18,87.0,37.0,6.0,15.0,2.0,8.0
2019-11-19,86.0,38.0,7.0,11.0,2.0,9.0
2019-11-20,119.0,20.0,12.0,11.0,4.0,6.0
2019-11-21,66.0,19.0,6.0,5.0,5.0,6.0
2019-11-22,61.0,33.0,4.0,6.0,4.0,8.0
2019-11-23,95.0,26.0,7.0,7.0,3.0,12.0
2019-11-24,111.0,31.0,3.0,6.0,3.0,6.0
2019-11-25,92.0,30.0,2.0,6.0,3.0,7.0
2019-11-26,94.0,35.0,2.0,9.0,4.0,9.0
2019-11-27,108.0,67.0,1.0,12.0,5.0,16.0
2019-11-28,154.0,14.0,16.0,14.0,4.0,6.0
2019-11-29,43.0,21.0,22.0,11.0,3.0,6.0
2019-11-30,56.0,44.0,17.0,13.0,3.0,9.0
2019-12-01,105.0,44.0,13.0,10.0,4.0,8.0
2019-12-02,113.0,29.0,16.0,11.0,2.0,7.0
2019-12-03,88.0,53.0,6.0,12.0,3.0,10.0
2019-12-04,118.0,65.0,3.0,20.0,4.0,14.0
2019-12-05,147.0,42.0,8.0,19.0,4.0,11.0
2019-12-06,112.0,28.0,11.0,15.0,5.0,10.0
2019-12-07,89.0,14.0,20.0,15.0,3.0,8.0
2019-12-08,41.0,25.0,12.0,23.0,3.0,10.0
2019-12-09,63.0,24.0,15.0,13.0,2.0,8.0
2019-12-10,60.0,41.0,14.0,15.0,2.0,6.0
2019-12-11,86.0,68.0,2.0,21.0,3.0,10.0
2019-12-12,151.0,26.0,2.0,15.0,5.0,5.0
2019-12-13,82.0,18.0,20.0,15.0,4.0,4.0
2019-12-14,49.0,18.0,26.0,16.0,3.0,4.0
2019-12-15,36.0,35.0,18.0,17.0,3.0,6.0
2019-12-16,83.0,63.0,1.0,17.0,3.0,15.0
2019-12-17,164.0,51.0,2.0,30.0,3.0,16.0
2019-12-18,134.0,55.0,2.0,12.0,2.0,10.0
2019-12-19,147.0,36.0,20.0,19.0,5.0,5.0
2019-12-20,79.0,28.0,23.0,12.0,5.0,2.0
2019-12-21,48.0,26.0,12.0,11.0,5.0,4.0
2019-12-22,65.0,20.0,10.0,16.0,4.0,4.0
2019-12-23,59.0,14.0,19.0,9.0,3.0,2.0
2019-12-24,38.0,27.0,13.0,8.0,3.0,3.0
2019-12-25,69.0,13.0,17.0,7.0,2.0,2.0
2019-12-26,46.0,12.0,14.0,8.0,2.0,1.0
2019-12-27,43.0,8.0,16.0,3.0,1.0,1.0
2019-12-28,25.0,13.0,,,,
2020-01-01,,26.0,6.0,28.0,5.0,8.0
2020-01-02,122.0,46.0,22.0,23.0,6.0,10.0
2020-01-03,157.0,68.0,24.0,6.0,3.0,1.0
2020-01-04,40.0,14.0,26.0,6.0,1.0,1.0
2020-01-05,36.0,15.0,15.0,14.0,3.0,4.0
2020-01-06,102.0,40.0,8.0,21.0,3.0,5.0
2020-01-07,111.0,50.0,13.0,19.0,5.0,5.0
2020-01-08,107.0,39.0,3.0,16.0,2.0,4.0
2020-01-09,100.0,37.0,9.0,19.0,7.0,6.0
2020-01-10,119.0,47.0,13.0,10.0,3.0,2.0
2020-01-11,63.0,20.0,17.0,12.0,3.0,3.0
2020-01-12,66.0,21.0,10.0,18.0,3.0,4.0
2020-01-13,78.0,31.0,2.0,20.0,3.0,11.0
2020-01-14,161.0,72.0,4.0,21.0,4.0,10.0
2020-01-15,146.0,72.0,2.0,20.0,3.0,11.0
2020-01-16,147.0,63.0,3.0,17.0,3.0,10.0
2020-01-17,142.0,58.0,5.0,17.0,5.0,8.0
2020-01-18,134.0,59.0,14.0,9.0,4.0,4.0
2020-01-19,112.0,44.0,18.0,12.0,2.0,1.0
2020-01-20,76.0,32.0,20.0,12.0,3.0,2.0
2020-01-21,79.0,32.0,13.0,13.0,5.0,3.0
2020-01-22,84.0,35.0,16.0,20.0,2.0,3.0
2020-01-23,74.0,36.0,17.0,19.0,5.0,8.0
2020-01-24,134.0,58.0,13.0,14.0,6.0,4.0
2020-01-25,110.0,46.0,9.0,14.0,7.0,5.0
2020-01-26,148.0,62.0,6.0,20.0,8.0,8.0
2020-01-27,143.0,61.0,19.0,19.0,5.0,9.0
2020-01-28,99.0,55.0,25.0,8.0,5.0,1.0
2020-01-29,30.0,14.0,22.0,10.0,4.0,1.0
2020-01-30,43.0,15.0,20.0,15.0,5.0,1.0
2020-01-31,36.0,15.0,24.0,12.0,5.0,1.0
2020-02-01,29.0,13.0,27.0,6.0,4.0,
2020-02-02,22.0,8.0,18.0,13.0,4.0,1.0
2020-02-03,40.0,13.0,25.0,9.0,4.0,1.0
2020-02-04,29.0,11.0,24.0,5.0,2.0,1.0
2020-02-05,26.0,12.0,13.0,14.0,5.0,2.0
2020-02-06,80.0,35.0,23.0,13.0,2.0,2.0
2020-02-07,51.0,23.0,17.0,20.0,3.0,5.0
2020-02-08,100.0,52.0,1.0,12.0,3.0,12.0
2020-02-09,176.0,55.0,,,,
2020-02-10,,12.0,,,,
2020-02-11,,9.0,,,,
2020-02-12,,10.0,,,,
2020-02-13,,22.0,,,,
2020-02-14,,25.0,,,,
2020-02-15,,30.0,,,,
2020-02-16,,39.0,,,,
2020-02-17,,32.0,,,,
2020-02-18,,17.0,,,,
2020-02-19,,17.0,,,,
2020-02-20,,28.0,,,,
2020-02-21,,26.0,,,,
2020-02-22,,27.0,,,,
2020-02-23,,6.0,20.0,22.0,2.0,3.0
2020-02-24,60.0,19.0,20.0,16.0,4.0,3.0
2020-02-25,37.0,15.0,25.0,14.0,4.0,2.0
2020-02-26,32.0,15.0,23.0,14.0,4.0,2.0
2020-02-27,49.0,20.0,20.0,13.0,4.0,4.0
2020-02-28,71.0,29.0,27.0,7.0,3.0,2.0
2020-02-29,41.0,18.0,26.0,10.0,3.0,2.0
2020-03-01,43.0,18.0,21.0,16.0,6.0,3.0
2020-03-02,50.0,20.0,15.0,16.0,4.0,3.0
2020-03-03,44.0,17.0,18.0,14.0,1.0,2.0
2020-03-04,51.0,23.0,33.0,14.0,2.0,4.0
2020-03-05,88.0,44.0,19.0,19.0,3.0,4.0
2020-03-06,66.0,29.0,19.0,11.0,1.0,3.0
2020-03-07,45.0,17.0,24.0,10.0,,3.0
2020-03-08,67.0,29.0,30.0,17.0,,7.0
2020-03-09,106.0,48.0,25.0,17.0,3.0,6.0
2020-03-10,87.0,42.0,25.0,10.0,1.0,2.0
2020-03-11,22.0,10.0,27.0,10.0,1.0,3.0
2020-03-12,31.0,16.0,27.0,9.0,1.0,2.0
2020-03-13,24.0,12.0,33.0,4.0,,2.0
2020-03-14,27.0,14.0,35.0,5.0,3.0,3.0
2020-03-15,56.0,24.0,29.0,15.0,,4.0
2020-03-16,69.0,31.0,32.0,18.0,3.0,6.0
2020-03-17,96.0,44.0,35.0,19.0,2.0,6.0
2020-03-18,113.0,59.0,38.0,13.0,2.0,6.0
2020-03-19,103.0,47.0,23.0,10.0,2.0,3.0
2020-03-20,85.0,36.0,27.0,1.0,,2.0
2020-03-21,33.0,12.0,29.0,1.0,,2.0
2020-03-22,29.0,13.0,34.0,2.0,,3.0
2020-03-23,51.0,22.0,35.0,4.0,2.0,3.0
2020-03-24,58.0,22.0,38.0,5.0,3.0,3.0
2020-03-25,67.0,29.0,37.0,8.0,5.0,4.0
2020-03-26,78.0,34.0,43.0,8.0,4.0,4.0
2020-03-27,92.0,41.0,45.0,14.0,3.0,5.0
2020-03-28,131.0,53.0,37.0,7.0,4.0,6.0
2020-03-29,135.0,54.0,29.0,5.0,,3.0
2020-03-30,28.0,15.0,28.0,10.0,3.0,5.0
2020-03-31,96.0,40.0,35.0,13.0,3.0,5.0
2020-04-01,102.0,42.0,41.0,16.0,2.0,6.0
2020-04-02,88.0,35.0,34.0,13.0,2.0,5.0
2020-04-03,78.0,28.0,39.0,8.0,2.0,5.0
2020-04-04,85.0,36.0,43.0,7.0,3.0,6.0
2020-04-05,100.0,34.0,44.0,13.0,4.0,5.0
2020-04-06,81.0,41.0,42.0,16.0,1.0,6.0
2020-04-07,90.0,39.0,44.0,19.0,1.0,7.0
2020-04-08,91.0,38.0,48.0,13.0,2.0,5.0
2020-04-09,94.0,23.0,37.0,6.0,,3.0
2020-04-10,46.0,29.0,44.0,6.0,1.0,5.0
2020-04-11,69.0,21.0,45.0,7.0,2.0,5.0
2020-04-12,54.0,21.0,42.0,4.0,1.0,4.0
2020-04-13,48.0,17.0,31.0,3.0,,3.0
2020-04-14,28.0,29.0,35.0,8.0,2.0,4.0
2020-04-15,58.0,28.0,43.0,9.0,2.0,4.0
2020-04-16,50.0,30.0,38.0,10.0,1.0,5.0
2020-04-17,54.0,22.0,43.0,5.0,1.0,4.0
2020-04-18,46.0,13.0,39.0,3.0,1.0,4.0
2020-04-19,38.0,18.0,37.0,6.0,,4.0
2020-04-20,47.0,24.0,38.0,7.0,1.0,5.0
2020-04-21,64.0,24.0,42.0,8.0,1.0,5.0
2020-04-22,56.0,,44.0,14.0,1.0,5.0
2020-04-23,59.0,29.0,46.0,12.0,1.0,5.0
2020-04-24,63.0,29.0,36.0,5.0,2.0,4.0
2020-04-25,50.0,18.0,37.0,5.0,1.0,4.0
2020-04-26,35.0,25.0,42.0,12.0,1.0,5.0
2020-04-27,56.0,29.0,42.0,14.0,1.0,6.0
2020-04-28,60.0,23.0,40.0,9.0,1.0,5.0
2020-04-29,57.0,24.0,41.0,7.0,1.0,5.0
2020-04-30,72.0,17.0,24.0,6.0,2.0,5.0
2020-05-01,58.0,14.0,33.0,4.0,1.0,5.0
2020-05-02,39.0,14.0,32.0,4.0,1.0,4.0
2020-05-03,38.0,25.0,36.0,11.0,1.0,4.0
2020-05-04,63.0,18.0,33.0,9.0,1.0,2.0
2020-05-05,43.0,19.0,25.0,9.0,1.0,2.0
2020-05-06,55.0,20.0,31.0,8.0,1.0,2.0
2020-05-07,47.0,28.0,42.0,12.0,1.0,3.0
2020-05-08,101.0,21.0,58.0,,,
2020-05-09,,20.0,44.0,,,
2020-05-10,,19.0,39.0,,,
2020-05-11,,10.0,28.0,,,
2020-05-12,,20.0,23.0,6.0,2.0,1.0
2020-05-13,41.0,14.0,26.0,5.0,1.0,1.0
2020-05-14,38.0,20.0,25.0,9.0,2.0,2.0
2020-05-15,69.0,26.0,38.0,8.0,2.0,2.0
2020-05-16,63.0,20.0,38.0,8.0,1.0,2.0
2020-05-17,57.0,21.0,37.0,13.0,2.0,2.0
2020-05-18,50.0,22.0,40.0,9.0,2.0,1.0
2020-05-19,49.0,11.0,33.0,3.0,1.0,1.0
2020-05-20,20.0,14.0,32.0,4.0,1.0,
2020-05-21,23.0,13.0,33.0,5.0,1.0,1.0
2020-05-22,37.0,19.0,39.0,8.0,1.0,2.0
2020-05-23,47.0,12.0,28.0,3.0,1.0,1.0
2020-05-24,24.0,10.0,18.0,9.0,1.0,2.0
2020-05-25,26.0,8.0,22.0,5.0,1.0,1.0
2020-05-26,28.0,15.0,24.0,9.0,1.0,2.0
2020-05-27,44.0,18.0,34.0,8.0,,2.0
2020-05-28,45.0,16.0,26.0,4.0,,1.0
2020-05-29,27.0,12.0,22.0,6.0,1.0,1.0
2020-05-30,29.0,11.0,21.0,4.0,,2.0
2020-05-31,29.0,16.0,31.0,5.0,,2.0
2020-06-01,38.0,13.0,31.0,7.0,1.0,1.0
2020-06-02,26.0,20.0,28.0,6.0,1.0,1.0
2020-06-03,36.0,20.0,35.0,6.0,2.0,2.0
2020-06-04,41.0,10.0,25.0,10.0,2.0,2.0
2020-06-05,23.0,8.0,25.0,5.0,1.0,2.0
2020-06-06,27.0,17.0,32.0,5.0,1.0,2.0
2020-06-07,42.0,15.0,20.0,9.0,1.0,2.0
2020-06-08,48.0,15.0,19.0,3.0,,1.0
2020-06-09,43.0,26.0,25.0,5.0,1.0,2.0
2020-06-10,63.0,18.0,32.0,5.0,1.0,2.0
2020-06-11,54.0,22.0,31.0,7.0,1.0,2.0
2020-06-12,55.0,26.0,37.0,4.0,1.0,2.0
2020-06-13,56.0,15.0,22.0,2.0,1.0,1.0
2020-06-14,45.0,13.0,29.0,5.0,1.0,1.0
2020-06-15,35.0,16.0,26.0,8.0,1.0,2.0
2020-06-16,43.0,15.0,24.0,9.0,1.0,2.0
2020-06-17,49.0,18.0,35.0,8.0,1.0,2.0
2020-06-18,57.0,18.0,27.0,10.0,1.0,3.0
2020-06-19,52.0,12.0,19.0,4.0,1.0,2.0
2020-06-20,36.0,12.0,17.0,4.0,1.0,2.0
2020-06-21,39.0,13.0,21.0,5.0,,2.0
2020-06-22,41.0,12.0,30.0,3.0,,1.0
2020-06-23,21.0,18.0,19.0,8.0,,2.0
2020-06-24,46.0,16.0,30.0,5.0,,2.0
2020-06-25,52.0,17.0,29.0,6.0,,2.0
2020-06-26,42.0,16.0,33.0,7.0,,2.0
2020-06-27,54.0,12.0,37.0,7.0,1.0,2.0
2020-06-28,36.0,13.0,27.0,7.0,1.0,2.0
2020-06-29,42.0,15.0,30.0,7.0,1.0,2.0
2020-06-30,25.0,15.0,32.0,10.0,1.0,2.0
2020-07-01,30.0,13.0,30.0,9.0,1.0,2.0
2020-07-02,29.0,13.0,20.0,8.0,1.0,2.0
2020-07-03,43.0,18.0,37.0,6.0,,2.0
2020-07-04,50.0,15.0,31.0,7.0,1.0,3.0
2020-07-05,37.0,15.0,22.0,7.0,1.0,2.0
2020-07-06,25.0,13.0,22.0,5.0,1.0,1.0
2020-07-07,20.0,15.0,22.0,8.0,1.0,2.0
2020-07-08,28.0,14.0,27.0,8.0,1.0,2.0
2020-07-09,41.0,21.0,32.0,10.0,2.0,3.0
2020-07-10,41.0,10.0,22.0,4.0,,2.0
2020-07-11,22.0,11.0,22.0,4.0,,2.0
2020-07-12,35.0,12.0,18.0,8.0,,2.0
2020-07-13,30.0,13.0,31.0,6.0,1.0,2.0
2020-07-14,32.0,16.0,33.0,7.0,1.0,2.0
2020-07-15,33.0,14.0,21.0,10.0,2.0,3.0
2020-07-16,37.0,17.0,24.0,8.0,2.0,2.0
2020-07-17,47.0,16.0,24.0,5.0,1.0,3.0
2020-07-18,47.0,15.0,33.0,5.0,1.0,3.0
2020-07-19,44.0,15.0,33.0,7.0,1.0,3.0
2020-07-20,36.0,22.0,25.0,10.0,1.0,3.0
2020-07-21,52.0,19.0,36.0,8.0,1.0,3.0
2020-07-22,36.0,18.0,34.0,7.0,2.0,2.0
2020-07-23,34.0,20.0,41.0,6.0,2.0,2.0
2020-07-24,40.0,18.0,41.0,5.0,2.0,3.0
2020-07-25,40.0,15.0,37.0,5.0,1.0,3.0
2020-07-26,35.0,18.0,37.0,9.0,2.0,3.0
2020-07-27,43.0,20.0,30.0,9.0,2.0,3.0
2020-07-28,41.0,17.0,40.0,9.0,1.0,3.0
2020-07-29,40.0,25.0,45.0,11.0,1.0,4.0
2020-07-30,50.0,24.0,37.0,11.0,2.0,3.0
2020-07-31,39.0,15.0,29.0,3.0,1.0,3.0
2020-08-01,30.0,15.0,34.0,6.0,1.0,3.0
2020-08-02,38.0,20.0,32.0,8.0,2.0,4.0
2020-08-03,40.0,18.0,22.0,7.0,2.0,4.0
2020-08-04,53.0,12.0,21.0,3.0,1.0,3.0
2020-08-05,32.0,19.0,35.0,7.0,1.0,4.0
2020-08-06,48.0,30.0,49.0,10.0,1.0,5.0
2020-08-07,68.0,33.0,43.0,7.0,1.0,5.0
2020-08-08,75.0,21.0,37.0,5.0,1.0,4.0
2020-08-09,57.0,16.0,38.0,6.0,1.0,4.0
2020-08-10,50.0,18.0,33.0,9.0,1.0,4.0
2020-08-11,47.0,19.0,39.0,7.0,1.0,3.0
2020-08-12,38.0,20.0,45.0,7.0,3.0,4.0
2020-08-13,43.0,23.0,47.0,6.0,3.0,5.0
2020-08-14,50.0,23.0,38.0,3.0,2.0,4.0
2020-08-15,49.0,16.0,37.0,4.0,2.0,3.0
2020-08-16,39.0,17.0,29.0,8.0,2.0,4.0
2020-08-17,44.0,17.0,19.0,13.0,2.0,5.0
2020-08-18,46.0,24.0,19.0,10.0,2.0,5.0
2020-08-19,67.0,29.0,35.0,11.0,2.0,3.0
2020-08-20,64.0,23.0,36.0,11.0,2.0,3.0
2020-08-21,53.0,18.0,37.0,6.0,1.0,2.0
2020-08-22,44.0,11.0,24.0,6.0,2.0,1.0
2020-08-23,29.0,18.0,30.0,9.0,2.0,2.0
2020-08-24,35.0,19.0,26.0,11.0,2.0,2.0
2020-08-25,37.0,19.0,28.0,8.0,2.0,2.0
2020-08-26,36.0,14.0,22.0,8.0,2.0,1.0
2020-08-27,18.0,16.0,29.0,9.0,3.0,1.0
2020-08-28,33.0,19.0,30.0,6.0,2.0,2.0
2020-08-29,38.0,17.0,34.0,7.0,3.0,2.0
2020-08-30,44.0,10.0,27.0,6.0,2.0,1.0
2020-08-31,17.0,7.0,18.0,4.0,2.0,1.0
2020-09-01,24.0,13.0,18.0,8.0,2.0,2.0
2020-09-02,21.0,15.0,26.0,9.0,1.0,2.0
2020-09-03,34.0,14.0,27.0,11.0,1.0,2.0
2020-09-04,37.0,12.0,22.0,7.0,2.0,3.0
2020-09-05,36.0,9.0,16.0,5.0,1.0,2.0
2020-09-06,28.0,14.0,20.0,8.0,1.0,2.0
2020-09-07,38.0,15.0,26.0,10.0,1.0,2.0
2020-09-08,39.0,18.0,30.0,12.0,2.0,3.0
2020-09-09,41.0,17.0,9.0,12.0,2.0,3.0
2020-09-10,47.0,18.0,26.0,8.0,3.0,3.0
2020-09-11,50.0,24.0,28.0,7.0,2.0,4.0
2020-09-12,60.0,21.0,34.0,9.0,1.0,4.0
2020-09-13,58.0,26.0,29.0,12.0,2.0,4.0
2020-09-14,62.0,23.0,33.0,7.0,2.0,3.0
2020-09-15,66.0,32.0,30.0,12.0,1.0,4.0
2020-09-16,75.0,24.0,17.0,9.0,1.0,3.0
2020-09-17,50.0,15.0,22.0,6.0,1.0,2.0
2020-09-18,28.0,20.0,28.0,7.0,1.0,3.0
2020-09-19,44.0,23.0,25.0,6.0,3.0,3.0
2020-09-20,58.0,29.0,30.0,12.0,2.0,4.0
2020-09-21,51.0,34.0,35.0,12.0,2.0,4.0
2020-09-22,68.0,36.0,13.0,13.0,3.0,4.0
2020-09-23,71.0,29.0,25.0,12.0,3.0,4.0
2020-09-24,73.0,20.0,23.0,9.0,4.0,3.0
2020-09-25,58.0,9.0,22.0,5.0,4.0,2.0
2020-09-26,28.0,8.0,15.0,5.0,3.0,2.0
2020-09-27,20.0,11.0,7.0,7.0,4.0,2.0
2020-09-28,45.0,17.0,11.0,11.0,2.0,4.0
2020-09-29,69.0,17.0,5.0,16.0,1.0,3.0
2020-09-30,,10.0,4.0,13.0,2.0,3.0
2020-10-01,,19.0,12.0,14.0,2.0,3.0
2020-10-02,,19.0,25.0,14.0,3.0,3.0
2020-10-03,,12.0,28.0,14.0,2.0,3.0
2020-10-04,13.0,12.0,28.0,14.0,2.0,3.0
2020-10-05,29.0,11.0,19.0,10.0,2.0,3.0
2020-10-06,36.0,18.0,22.0,11.0,2.0,4.0
2020-10-07,53.0,22.0,13.0,11.0,1.0,5.0
2020-10-08,69.0,24.0,9.0,11.0,,5.0
2020-10-09,60.0,25.0,14.0,9.0,,6.0
2020-10-10,70.0,21.0,14.0,6.0,,5.0
2020-10-11,50.0,14.0,14.0,3.0,,3.0
2020-10-12,35.0,8.0,14.0,7.0,1.0,3.0
2020-10-13,26.0,6.0,14.0,8.0,2.0,3.0
2020-10-14,17.0,6.0,16.0,8.0,3.0,3.0
2020-10-15,55.0,11.0,11.0,9.0,2.0,4.0
2020-10-16,65.0,15.0,5.0,5.0,1.0,4.0
2020-10-17,31.0,7.0,10.0,5.0,2.0,3.0
2020-10-18,46.0,11.0,18.0,4.0,2.0,3.0
2020-10-19,52.0,17.0,14.0,10.0,1.0,3.0
2020-10-20,69.0,30.0,21.0,10.0,1.0,5.0
2020-10-21,74.0,35.0,10.0,11.0,2.0,6.0
2020-10-22,111.0,39.0,11.0,17.0,2.0,8.0
2020-10-23,120.0,47.0,6.0,14.0,2.0,8.0
2020-10-24,109.0,38.0,11.0,9.0,1.0,7.0
2020-10-25,109.0,27.0,6.0,6.0,2.0,7.0
2020-10-26,75.0,21.0,20.0,9.0,2.0,6.0
2020-10-27,68.0,28.0,21.0,13.0,2.0,5.0
2020-10-28,100.0,42.0,7.0,11.0,2.0,6.0
2020-10-29,64.0,22.0,15.0,10.0,1.0,5.0
2020-10-30,53.0,15.0,15.0,12.0,1.0,4.0
2020-10-31,55.0,17.0,22.0,6.0,,4.0
2020-11-01,98.0,29.0,6.0,8.0,,6.0
2020-11-02,89.0,28.0,1.0,10.0,1.0,8.0
2020-11-03,69.0,21.0,6.0,9.0,,6.0
2020-11-04,55.0,16.0,14.0,8.0,,4.0
2020-11-05,69.0,25.0,11.0,11.0,,4.0
2020-11-06,100.0,37.0,13.0,14.0,1.0,5.0
2020-11-07,106.0,32.0,14.0,9.0,1.0,5.0
2020-11-08,103.0,31.0,12.0,10.0,1.0,7.0
2020-11-09,125.0,46.0,15.0,7.0,1.0,7.0
2020-11-10,71.0,26.0,12.0,7.0,1.0,4.0
2020-11-11,76.0,23.0,9.0,6.0,1.0,5.0
2020-11-12,82.0,31.0,8.0,11.0,1.0,5.0
2020-11-13,79.0,28.0,10.0,15.0,2.0,6.0
2020-11-14,100.0,31.0,6.0,12.0,3.0,6.0
2020-11-15,120.0,43.0,9.0,10.0,3.0,9.0
2020-11-16,76.0,23.0,5.0,12.0,3.0,6.0
2020-11-17,89.0,31.0,8.0,16.0,3.0,5.0
2020-11-18,99.0,38.0,10.0,16.0,2.0,5.0
2020-11-19,92.0,34.0,17.0,10.0,2.0,5.0
2020-11-20,55.0,21.0,18.0,11.0,1.0,2.0
2020-11-21,111.0,40.0,17.0,15.0,2.0,4.0
2020-11-22,90.0,28.0,21.0,10.0,4.0,4.0
2020-11-23,82.0,27.0,11.0,13.0,4.0,3.0
2020-11-24,81.0,37.0,13.0,18.0,3.0,5.0
2020-11-25,141.0,59.0,3.0,19.0,3.0,7.0
2020-11-26,131.0,48.0,8.0,15.0,3.0,5.0
2020-11-27,130.0,41.0,2.0,13.0,4.0,5.0
2020-11-28,91.0,27.0,6.0,11.0,3.0,4.0
2020-11-29,71.0,19.0,5.0,5.0,2.0,3.0
2020-11-30,114.0,39.0,4.0,11.0,3.0,5.0
2020-12-01,100.0,39.0,6.0,13.0,2.0,6.0
2020-12-02,127.0,43.0,8.0,9.0,2.0,6.0
2020-12-03,162.0,49.0,6.0,16.0,4.0,8.0
2020-12-04,90.0,22.0,15.0,17.0,3.0,8.0
2020-12-05,66.0,21.0,,15.0,1.0,6.0
2020-12-06,69.0,14.0,,10.0,2.0,6.0
2020-12-07,76.0,19.0,6.0,8.0,3.0,5.0
2020-12-08,92.0,27.0,7.0,7.0,2.0,5.0
2020-12-09,107.0,32.0,6.0,7.0,3.0,5.0
2020-12-10,96.0,31.0,5.0,6.0,3.0,4.0
2020-12-11,139.0,38.0,2.0,9.0,2.0,6.0
2020-12-12,99.0,27.0,6.0,8.0,1.0,4.0
2020-12-13,77.0,18.0,2.0,7.0,,4.0
2020-12-14,83.0,28.0,12.0,12.0,1.0,4.0
2020-12-15,132.0,47.0,6.0,12.0,1.0,7.0
2020-12-16,140.0,56.0,2.0,16.0,1.0,10.0
2020-12-17,166.0,60.0,1.0,15.0,1.0,9.0
2020-12-18,130.0,44.0,1.0,13.0,1.0,8.0
2020-12-19,141.0,40.0,2.0,14.0,,10.0
2020-12-20,131.0,39.0,2.0,13.0,1.0,8.0
2020-12-21,137.0,55.0,1.0,12.0,1.0,8.0
2020-12-22,140.0,49.0,4.0,12.0,2.0,10.0
2020-12-23,75.0,20.0,3.0,13.0,2.0,7.0
2020-12-24,61.0,15.0,14.0,11.0,2.0,8.0
2020-12-25,37.0,9.0,18.0,4.0,1.0,3.0
2020-12-26,60.0,17.0,18.0,7.0,1.0,3.0
2020-12-27,74.0,20.0,18.0,7.0,2.0,4.0
2020-12-28,29.0,10.0,23.0,7.0,4.0,4.0
2020-12-29,24.0,11.0,25.0,9.0,3.0,4.0
2020-12-30,72.0,27.0,14.0,17.0,2.0,7.0
2020-12-31,125.0,41.0,5.0,14.0,3.0,7.0
2021-01-01,117.0,43.0,10.0,9.0,2.0,6.0
2021-01-02,134.0,45.0,4.0,9.0,2.0,8.0
2021-01-03,154.0,43.0,4.0,9.0,1.0,10.0
2021-01-04,145.0,,3.0,8.0,2.0,6.0
2021-01-05,62.0,,3.0,9.0,2.0,7.0
2021-01-06,95.0,21.0,11.0,11.0,3.0,8.0
2021-01-07,102.0,33.0,9.0,15.0,2.0,6.0
2021-01-08,73.0,30.0,8.0,10.0,4.0,6.0
2021-01-09,92.0,42.0,8.0,10.0,4.0,7.0
2021-01-10,115.0,61.0,9.0,15.0,2.0,10.0
2021-01-11,150.0,50.0,16.0,15.0,3.0,10.0
2021-01-12,114.0,17.0,18.0,12.0,4.0,5.0
2021-01-13,59.0,20.0,17.0,13.0,3.0,5.0
2021-01-14,68.0,21.0,18.0,11.0,4.0,5.0
2021-01-15,71.0,21.0,21.0,8.0,4.0,5.0
2021-01-16,65.0,31.0,22.0,4.0,3.0,5.0
2021-01-17,91.0,62.0,14.0,20.0,9.0,8.0
2021-01-18,154.0,41.0,25.0,24.0,5.0,10.0
2021-01-19,118.0,24.0,16.0,21.0,3.0,8.0
2021-01-20,63.0,51.0,2.0,27.0,4.0,27.0
2021-01-21,149.0,28.0,14.0,21.0,3.0,12.0
2021-01-22,77.0,22.0,16.0,16.0,1.0,4.0
2021-01-23,70.0,24.0,12.0,10.0,1.0,2.0
2021-01-24,74.0,21.0,16.0,13.0,1.0,2.0
2021-01-25,66.0,27.0,17.0,12.0,1.0,2.0
2021-01-26,82.0,29.0,17.0,13.0,2.0,2.0
2021-01-27,83.0,39.0,17.0,16.0,1.0,4.0
2021-01-28,104.0,25.0,16.0,11.0,2.0,2.0
2021-01-29,75.0,38.0,16.0,9.0,1.0,3.0
2021-01-30,105.0,28.0,19.0,10.0,,2.0
2021-01-31,81.0,55.0,15.0,12.0,1.0,5.0
2021-02-01,150.0,65.0,4.0,24.0,1.0,7.0
2021-02-02,164.0,41.0,13.0,20.0,1.0,6.0
2021-02-03,95.0,16.0,22.0,8.0,1.0,2.0
2021-02-04,47.0,27.0,19.0,5.0,1.0,2.0
2021-02-05,83.0,22.0,25.0,3.0,1.0,2.0
2021-02-06,70.0,24.0,22.0,3.0,1.0,2.0
2021-02-07,73.0,30.0,18.0,6.0,2.0,2.0
2021-02-08,82.0,67.0,9.0,16.0,5.0,5.0
2021-02-09,162.0,64.0,16.0,11.0,4.0,4.0
2021-02-10,160.0,39.0,23.0,7.0,3.0,3.0
2021-02-11,103.0,28.0,21.0,11.0,2.0,2.0
2021-02-12,77.0,45.0,20.0,13.0,5.0,3.0
2021-02-13,127.0,29.0,28.0,6.0,2.0,2.0
2021-02-14,85.0,54.0,23.0,20.0,4.0,4.0
2021-02-15,123.0,74.0,6.0,28.0,3.0,8.0
2021-02-16,165.0,41.0,17.0,19.0,2.0,4.0
2021-02-17,127.0,38.0,17.0,12.0,1.0,3.0
2021-02-18,116.0,56.0,15.0,21.0,2.0,6.0
2021-02-19,157.0,59.0,26.0,15.0,1.0,6.0
2021-02-20,148.0,58.0,22.0,13.0,,7.0
2021-02-21,137.0,56.0,16.0,17.0,1.0,7.0
2021-02-22,145.0,56.0,15.0,19.0,1.0,7.0
2021-02-23,142.0,74.0,14.0,22.0,3.0,8.0
2021-02-24,149.0,80.0,12.0,20.0,2.0,9.0
2021-02-25,162.0,59.0,25.0,14.0,3.0,5.0
2021-02-26,115.0,23.0,22.0,8.0,1.0,3.0
2021-02-27,66.0,23.0,24.0,6.0,1.0,3.0
2021-02-28,75.0,30.0,16.0,11.0,1.0,3.0
2021-03-01,72.0,50.0,19.0,20.0,3.0,6.0
2021-03-02,119.0,61.0,22.0,21.0,3.0,8.0
2021-03-03,120.0,52.0,18.0,13.0,4.0,4.0
2021-03-04,136.0,24.0,21.0,8.0,1.0,3.0
2021-03-05,65.0,34.0,24.0,12.0,3.0,4.0
2021-03-06,94.0,29.0,32.0,9.0,2.0,4.0
2021-03-07,77.0,31.0,24.0,12.0,4.0,3.0
2021-03-08,85.0,42.0,28.0,13.0,3.0,4.0
2021-03-09,109.0,43.0,34.0,17.0,2.0,4.0
2021-03-10,115.0,45.0,29.0,13.0,2.0,4.0
2021-03-11,106.0,19.0,26.0,14.0,2.0,2.0
2021-03-12,42.0,19.0,32.0,9.0,2.0,2.0
2021-03-13,39.0,9.0,33.0,6.0,3.0,1.0
2021-03-14,36.0,36.0,24.0,13.0,2.0,3.0
2021-03-15,87.0,41.0,19.0,15.0,3.0,6.0
2021-03-16,117.0,22.0,27.0,4.0,1.0,1.0
2021-03-17,69.0,19.0,28.0,7.0,1.0,1.0
2021-03-18,63.0,36.0,24.0,16.0,2.0,3.0
2021-03-19,105.0,19.0,23.0,5.0,2.0,2.0
2021-03-20,56.0,27.0,27.0,7.0,4.0,2.0
2021-03-21,77.0,19.0,33.0,8.0,2.0,1.0
2021-03-22,46.0,40.0,24.0,11.0,4.0,2.0
2021-03-23,98.0,28.0,23.0,8.0,2.0,1.0
2021-03-24,80.0,56.0,30.0,17.0,3.0,3.0
2021-03-25,130.0,68.0,38.0,13.0,3.0,5.0
2021-03-26,145.0,39.0,41.0,9.0,2.0,3.0
2021-03-27,95.0,22.0,33.0,8.0,1.0,1.0
2021-03-28,55.0,34.0,28.0,15.0,1.0,3.0
2021-03-29,91.0,42.0,13.0,18.0,2.0,4.0
2021-03-30,95.0,51.0,33.0,15.0,3.0,5.0
2021-03-31,112.0,40.0,48.0,12.0,2.0,3.0
2021-04-01,92.0,20.0,30.0,6.0,2.0,1.0
2021-04-02,53.0,22.0,28.0,6.0,2.0,2.0
2021-04-03,71.0,15.0,32.0,5.0,1.0,1.0
2021-04-04,44.0,14.0,38.0,4.0,2.0,1.0
2021-04-05,43.0,20.0,32.0,8.0,2.0,1.0
2021-04-06,51.0,24.0,27.0,10.0,3.0,2.0
2021-04-07,63.0,16.0,26.0,10.0,2.0,1.0
2021-04-08,48.0,20.0,36.0,13.0,1.0,2.0
2021-04-09,52.0,29.0,45.0,15.0,1.0,2.0
2021-04-10,61.0,21.0,40.0,9.0,1.0,2.0
2021-04-11,67.0,24.0,33.0,9.0,2.0,1.0
2021-04-12,70.0,12.0,30.0,5.0,1.0,1.0
2021-04-13,38.0,14.0,29.0,6.0,1.0,1.0
2021-04-14,47.0,14.0,24.0,10.0,1.0,1.0
2021-04-15,47.0,16.0,19.0,10.0,2.0,1.0
2021-04-16,58.0,24.0,20.0,11.0,2.0,2.0
2021-04-17,72.0,28.0,28.0,9.0,2.0,2.0
2021-04-18,83.0,38.0,16.0,20.0,2.0,4.0
2021-04-19,114.0,29.0,36.0,15.0,2.0,2.0
2021-04-20,74.0,33.0,38.0,14.0,5.0,2.0
2021-04-21,90.0,26.0,27.0,11.0,2.0,1.0
2021-04-22,66.0,24.0,28.0,10.0,2.0,1.0
2021-04-23,59.0,27.0,37.0,9.0,3.0,1.0
2021-04-24,65.0,17.0,36.0,4.0,1.0,1.0
2021-04-25,54.0,28.0,33.0,9.0,2.0,1.0
2021-04-26,61.0,24.0,41.0,6.0,4.0,1.0
2021-04-27,75.0,26.0,48.0,10.0,7.0,2.0
2021-04-28,82.0,33.0,35.0,16.0,2.0,2.0
2021-04-29,74.0,23.0,44.0,14.0,2.0,1.0
2021-04-30,59.0,25.0,27.0,4.0,2.0,1.0
2021-05-01,87.0,16.0,35.0,3.0,2.0,
2021-05-02,56.0,12.0,39.0,6.0,1.0,
2021-05-03,37.0,18.0,43.0,11.0,1.0,1.0
2021-05-04,49.0,13.0,38.0,12.0,2.0,
2021-05-05,34.0,11.0,31.0,8.0,2.0,
2021-05-06,25.0,11.0,30.0,8.0,2.0,
2021-05-07,28.0,15.0,36.0,7.0,2.0,
2021-05-08,52.0,18.0,42.0,8.0,1.0,1.0
2021-05-09,55.0,21.0,40.0,11.0,2.0,
2021-05-10,35.0,23.0,52.0,7.0,3.0,
2021-05-11,55.0,24.0,50.0,7.0,5.0,
2021-05-12,58.0,23.0,31.0,9.0,3.0,
2021-05-13,57.0,17.0,21.0,8.0,2.0,
2021-05-14,60.0,11.0,39.0,5.0,2.0,
2021-05-15,40.0,10.0,27.0,6.0,2.0,
2021-05-16,38.0,12.0,24.0,9.0,2.0,1.0
2021-05-17,40.0,10.0,22.0,10.0,2.0,1.0
2021-05-18,39.0,16.0,31.0,9.0,2.0,1.0
2021-05-19,49.0,13.0,39.0,6.0,1.0,1.0
2021-05-20,29.0,16.0,38.0,9.0,1.0,1.0
2021-05-21,33.0,10.0,29.0,7.0,1.0,1.0
2021-05-22,25.0,8.0,33.0,6.0,,1.0
2021-05-23,20.0,13.0,35.0,5.0,,1.0
2021-05-24,31.0,13.0,21.0,11.0,1.0,1.0
2021-05-25,36.0,15.0,35.0,9.0,,1.0
2021-05-26,24.0,12.0,34.0,9.0,1.0,1.0
2021-05-27,23.0,13.0,32.0,8.0,2.0,1.0
2021-05-28,29.0,11.0,26.0,7.0,,1.0
2021-05-29,32.0,10.0,33.0,3.0,,
2021-05-30,34.0,14.0,34.0,5.0,,
2021-05-31,34.0,16.0,40.0,9.0,,1.0
2021-06-01,39.0,17.0,40.0,7.0,,
2021-06-02,48.0,16.0,45.0,7.0,,1.0
2021-06-03,47.0,19.0,51.0,6.0,,
2021-06-04,49.0,14.0,43.0,7.0,,1.0
2021-06-05,54.0,16.0,47.0,6.0,,
2021-06-06,50.0,19.0,46.0,9.0,,1.0
2021-06-07,44.0,27.0,48.0,7.0,,1.0
2021-06-08,50.0,25.0,40.0,7.0,,1.0
2021-06-09,51.0,,40.0,6.0,,1.0
2021-06-10,32.0,16.0,33.0,12.0,1.0,1.0
2021-06-11,52.0,21.0,44.0,7.0,1.0,1.0
2021-06-12,52.0,16.0,28.0,2.0,,
2021-06-13,26.0,26.0,33.0,5.0,,
2021-06-14,23.0,36.0,52.0,9.0,1.0,1.0
2021-06-15,42.0,28.0,56.0,9.0,1.0,1.0
2021-06-16,55.0,30.0,57.0,7.0,2.0,1.0
2021-06-17,71.0,26.0,53.0,7.0,3.0,1.0
2021-06-18,62.0,22.0,46.0,6.0,3.0,1.0
2021-06-19,57.0,16.0,43.0,4.0,2.0,
2021-06-20,45.0,30.0,50.0,5.0,2.0,
2021-06-21,53.0,31.0,56.0,8.0,2.0,1.0
2021-06-22,59.0,35.0,36.0,5.0,,
2021-06-23,76.0,24.0,54.0,5.0,1.0,1.0
2021-06-24,74.0,17.0,26.0,6.0,,
2021-06-25,40.0,19.0,30.0,5.0,,
2021-06-26,48.0,21.0,46.0,5.0,1.0,1.0
2021-06-27,54.0,25.0,58.0,7.0,1.0,
2021-06-28,55.0,25.0,49.0,6.0,3.0,
2021-06-29,60.0,20.0,46.0,7.0,2.0,
2021-06-30,33.0,21.0,30.0,10.0,2.0,
2021-07-01,41.0,18.0,28.0,8.0,1.0,
2021-07-02,37.0,21.0,24.0,7.0,1.0,
2021-07-03,50.0,20.0,45.0,6.0,1.0,
2021-07-04,52.0,22.0,50.0,8.0,2.0,
2021-07-05,51.0,26.0,54.0,7.0,2.0,
2021-07-06,58.0,28.0,53.0,7.0,2.0,
2021-07-07,63.0,30.0,57.0,7.0,2.0,1.0
2021-07-08,63.0,25.0,41.0,8.0,1.0,1.0
2021-07-09,61.0,12.0,41.0,3.0,1.0,
2021-07-10,21.0,17.0,35.0,4.0,2.0,
2021-07-11,51.0,18.0,25.0,10.0,1.0,1.0
2021-07-12,48.0,25.0,46.0,6.0,2.0,1.0
2021-07-13,62.0,38.0,58.0,6.0,2.0,2.0
2021-07-14,75.0,22.0,36.0,7.0,1.0,1.0
2021-07-15,52.0,27.0,42.0,6.0,,1.0
2021-07-16,64.0,21.0,42.0,3.0,,
2021-07-17,53.0,25.0,27.0,3.0,,
2021-07-18,58.0,22.0,31.0,2.0,,
2021-07-19,45.0,19.0,23.0,8.0,,1.0
2021-07-20,48.0,22.0,30.0,6.0,,
2021-07-21,43.0,21.0,28.0,6.0,,1.0
2021-07-22,45.0,23.0,50.0,6.0,1.0,1.0
2021-07-23,53.0,23.0,55.0,5.0,1.0,1.0
2021-07-24,61.0,24.0,39.0,5.0,2.0,1.0
2021-07-25,63.0,18.0,48.0,8.0,1.0,1.0
2021-07-26,41.0,20.0,49.0,10.0,,1.0
2021-07-27,53.0,26.0,44.0,8.0,,1.0
2021-07-28,55.0,20.0,41.0,7.0,1.0,1.0
2021-07-29,41.0,25.0,47.0,10.0,1.0,1.0
2021-07-30,44.0,20.0,34.0,6.0,,2.0
2021-07-31,48.0,15.0,25.0,6.0,,1.0
2021-08-01,38.0,11.0,32.0,6.0,,
2021-08-02,26.0,12.0,37.0,6.0,1.0,
2021-08-03,24.0,17.0,38.0,7.0,1.0,2.0
2021-08-04,36.0,10.0,29.0,3.0,1.0,1.0
2021-08-05,32.0,10.0,29.0,8.0,1.0,1.0
2021-08-06,17.0,13.0,32.0,6.0,2.0,2.0
2021-08-07,34.0,10.0,32.0,4.0,1.0,1.0
2021-08-08,19.0,14.0,37.0,7.0,1.0,2.0
2021-08-09,21.0,19.0,39.0,8.0,1.0,2.0
2021-08-10,39.0,20.0,42.0,6.0,1.0,2.0
2021-08-11,36.0,24.0,44.0,9.0,1.0,2.0
2021-08-12,42.0,29.0,46.0,8.0,1.0,2.0
2021-08-13,58.0,28.0,54.0,8.0,1.0,3.0
2021-08-14,,28.0,47.0,7.0,1.0,2.0
2021-08-15,,26.0,41.0,8.0,1.0,2.0
2021-08-16,45.0,11.0,26.0,8.0,1.0,1.0
2021-08-17,22.0,15.0,35.0,9.0,1.0,1.0
2021-08-18,28.0,14.0,27.0,8.0,,1.0
2021-08-19,26.0,20.0,23.0,10.0,1.0,2.0
2021-08-20,45.0,21.0,39.0,6.0,2.0,2.0
2021-08-21,54.0,18.0,38.0,5.0,1.0,1.0
2021-08-22,57.0,14.0,20.0,9.0,,2.0
2021-08-23,37.0,10.0,20.0,6.0,,1.0
2021-08-24,24.0,21.0,30.0,9.0,1.0,1.0
2021-08-25,45.0,16.0,13.0,11.0,,2.0
2021-08-26,43.0,16.0,12.0,10.0,1.0,1.0
2021-08-27,42.0,14.0,22.0,6.0,1.0,1.0
2021-08-28,41.0,14.0,21.0,3.0,1.0,1.0
2021-08-29,45.0,12.0,13.0,8.0,1.0,1.0
2021-08-30,39.0,8.0,16.0,9.0,1.0,1.0
2021-08-31,25.0,11.0,18.0,7.0,1.0,1.0
2021-09-01,32.0,19.0,18.0,10.0,1.0,1.0
2021-09-02,41.0,23.0,30.0,11.0,1.0,2.0
2021-09-03,54.0,24.0,30.0,5.0,1.0,1.0
2021-09-04,69.0,11.0,29.0,6.0,2.0,
2021-09-05,33.0,14.0,29.0,7.0,2.0,1.0
2021-09-06,41.0,27.0,25.0,12.0,1.0,2.0
2021-09-07,64.0,27.0,38.0,9.0,1.0,2.0
2021-09-08,71.0,33.0,39.0,9.0,,3.0
2021-09-09,70.0,33.0,38.0,11.0,,3.0
2021-09-10,71.0,29.0,38.0,9.0,,3.0
2021-09-11,76.0,25.0,37.0,8.0,1.0,3.0
2021-09-12,70.0,29.0,22.0,10.0,1.0,3.0
2021-09-13,66.0,29.0,30.0,8.0,2.0,3.0
2021-09-14,68.0,32.0,31.0,8.0,2.0,2.0
2021-09-15,90.0,40.0,19.0,13.0,1.0,4.0
2021-09-16,89.0,14.0,14.0,11.0,1.0,2.0
2021-09-17,43.0,10.0,15.0,5.0,1.0,2.0
2021-09-18,29.0,14.0,14.0,4.0,1.0,1.0
2021-09-19,43.0,15.0,16.0,5.0,1.0,1.0
2021-09-20,35.0,18.0,18.0,10.0,1.0,2.0
2021-09-21,48.0,15.0,16.0,8.0,,2.0
2021-09-22,41.0,22.0,28.0,9.0,1.0,2.0
2021-09-23,58.0,19.0,23.0,9.0,1.0,2.0
2021-09-24,35.0,19.0,18.0,8.0,1.0,3.0
2021-09-25,57.0,21.0,30.0,4.0,1.0,3.0
2021-09-26,76.0,24.0,25.0,6.0,2.0,2.0
2021-09-27,70.0,20.0,15.0,5.0,1.0,2.0
2021-09-28,53.0,17.0,8.0,5.0,2.0,2.0
2021-09-29,68.0,,,,,
2021-10-26,,50.0,,,,
2021-10-27,,42.0,,,,
2021-10-28,,55.0,,,,
2021-10-29,,56.0,26.0,13.0,3.0,5.0
2021-10-30,102.0,37.0,24.0,11.0,3.0,5.0
2021-10-31,79.0,28.0,22.0,9.0,3.0,5.0
2021-11-01,93.0,33.0,6.0,14.0,3.0,5.0
2021-11-02,99.0,31.0,18.0,10.0,3.0,4.0
2021-11-03,46.0,20.0,18.0,9.0,5.0,3.0
2021-11-04,42.0,13.0,18.0,9.0,3.0,3.0
2021-11-05,31.0,12.0,18.0,11.0,2.0,4.0
2021-11-06,56.0,25.0,19.0,6.0,2.0,5.0
2021-11-07,87.0,27.0,15.0,10.0,3.0,4.0
2021-11-08,47.0,18.0,7.0,10.0,2.0,4.0
2021-11-09,73.0,23.0,1.0,12.0,2.0,7.0
2021-11-10,111.0,35.0,7.0,11.0,3.0,9.0
2021-11-11,153.0,55.0,9.0,10.0,4.0,5.0
2021-11-12,130.0,51.0,8.0,8.0,3.0,5.0
2021-11-13,134.0,47.0,8.0,7.0,4.0,6.0
2021-11-14,127.0,47.0,5.0,7.0,4.0,5.0
2021-11-15,121.0,42.0,4.0,10.0,3.0,5.0
2021-11-16,110.0,39.0,9.0,11.0,3.0,6.0
2021-11-17,102.0,45.0,13.0,9.0,4.0,5.0
2021-11-18,63.0,22.0,15.0,7.0,3.0,3.0
2021-11-19,47.0,13.0,19.0,6.0,3.0,2.0
2021-11-20,53.0,15.0,15.0,7.0,4.0,3.0
2021-11-21,57.0,16.0,17.0,11.0,3.0,3.0
2021-11-22,73.0,25.0,16.0,9.0,3.0,2.0
2021-11-23,48.0,20.0,13.0,17.0,3.0,4.0
2021-11-24,56.0,25.0,2.0,17.0,4.0,8.0
2021-11-25,135.0,63.0,1.0,12.0,3.0,8.0
2021-11-26,134.0,49.0,8.0,10.0,4.0,5.0
2021-11-27,77.0,26.0,5.0,8.0,3.0,6.0
2021-11-28,121.0,40.0,10.0,11.0,4.0,4.0
2021-11-29,81.0,22.0,21.0,7.0,3.0,2.0
2021-11-30,,12.0,24.0,13.0,3.0,2.0
2021-12-01,49.0,10.0,21.0,10.0,3.0,1.0
2021-12-02,28.0,14.0,18.0,14.0,3.0,2.0
2021-12-03,48.0,20.0,14.0,14.0,2.0,2.0
2021-12-04,63.0,29.0,18.0,10.0,3.0,3.0
2021-12-05,79.0,27.0,,10.0,2.0,5.0
2021-12-06,112.0,41.0,4.0,6.0,2.0,2.0
2021-12-07,87.0,31.0,13.0,6.0,2.0,2.0
2021-12-08,84.0,29.0,9.0,7.0,3.0,3.0
2021-12-09,96.0,31.0,1.0,16.0,5.0,6.0
2021-12-10,154.0,63.0,3.0,15.0,5.0,7.0
2021-12-11,146.0,56.0,9.0,9.0,3.0,4.0
2021-12-12,120.0,46.0,3.0,20.0,4.0,9.0
2021-12-13,176.0,83.0,1.0,18.0,4.0,11.0
2021-12-14,197.0,104.0,4.0,15.0,7.0,6.0
2021-12-15,144.0,57.0,16.0,12.0,4.0,4.0
2021-12-16,87.0,31.0,16.0,6.0,2.0,2.0
2021-12-17,48.0,16.0,14.0,7.0,2.0,2.0
2021-12-18,61.0,,20.0,5.0,2.0,2.0
2021-12-19,38.0,,16.0,7.0,2.0,2.0
2021-12-20,30.0,7.0,13.0,15.0,3.0,3.0
2021-12-21,60.0,23.0,4.0,20.0,6.0,7.0
2021-12-22,120.0,53.0,14.0,18.0,3.0,13.0
2021-12-23,163.0,72.0,,,,
2021-12-25,,,15.0,12.0,4.0,9.0
2021-12-26,139.0,42.0,14.0,9.0,4.0,8.0
2021-12-27,135.0,48.0,14.0,7.0,3.0,6.0
2021-12-28,97.0,31.0,2.0,14.0,3.0,7.0
2021-12-29,130.0,50.0,3.0,18.0,4.0,12.0
2021-12-30,153.0,49.0,19.0,7.0,3.0,4.0
2021-12-31,35.0,11.0,16.0,5.0,2.0,4.0
2022-01-01,45.0,16.0,14.0,9.0,2.0,5.0
2022-01-02,57.0,19.0,24.0,6.0,2.0,4.0
2022-01-03,22.0,8.0,19.0,13.0,3.0,4.0
2022-01-04,18.0,11.0,19.0,12.0,3.0,4.0
2022-01-05,31.0,9.0,17.0,3.0,3.0,3.0
2022-01-06,20.0,33.0,6.0,17.0,2.0,6.0
2022-01-07,63.0,52.0,3.0,17.0,2.0,9.0
2022-01-08,120.0,52.0,8.0,12.0,3.0,8.0
2022-01-09,131.0,39.0,13.0,7.0,2.0,7.0
2022-01-10,110.0,29.0,13.0,6.0,1.0,4.0
2022-01-11,80.0,34.0,12.0,9.0,3.0,4.0
2022-01-12,81.0,33.0,10.0,10.0,5.0,5.0
2022-01-13,83.0,23.0,15.0,9.0,3.0,5.0
2022-01-14,65.0,27.0,13.0,9.0,3.0,5.0
2022-01-15,70.0,46.0,11.0,14.0,4.0,7.0
2022-01-16,123.0,14.0,15.0,7.0,2.0,5.0
2022-01-17,39.0,20.0,13.0,10.0,4.0,4.0
2022-01-18,50.0,31.0,12.0,17.0,4.0,7.0
2022-01-19,69.0,16.0,16.0,8.0,3.0,5.0
2022-01-20,38.0,15.0,15.0,9.0,3.0,5.0
2022-01-21,35.0,14.0,13.0,9.0,3.0,5.0
2022-01-22,41.0,20.0,13.0,5.0,4.0,5.0
2022-01-23,59.0,45.0,6.0,19.0,5.0,7.0
2022-01-24,107.0,43.0,7.0,14.0,6.0,7.0
2022-01-25,101.0,24.0,7.0,12.0,3.0,6.0
2022-01-26,74.0,21.0,8.0,9.0,3.0,6.0
2022-01-27,63.0,11.0,16.0,7.0,2.0,5.0
2022-01-28,26.0,14.0,16.0,7.0,3.0,5.0
2022-01-29,37.0,12.0,21.0,2.0,2.0,5.0
2022-01-30,17.0,32.0,19.0,13.0,3.0,6.0
2022-01-31,42.0,32.0,18.0,12.0,4.0,7.0
2022-02-01,74.0,9.0,16.0,8.0,2.0,6.0
2022-02-02,23.0,17.0,14.0,14.0,2.0,6.0
2022-02-03,47.0,21.0,13.0,16.0,2.0,7.0
2022-02-04,57.0,13.0,20.0,6.0,2.0,6.0
2022-02-05,36.0,8.0,23.0,5.0,3.0,6.0
2022-02-06,23.0,8.0,19.0,9.0,3.0,6.0
2022-02-07,18.0,17.0,16.0,7.0,2.0,6.0
2022-02-08,33.0,15.0,16.0,8.0,2.0,7.0
2022-02-09,46.0,23.0,16.0,15.0,3.0,5.0
2022-02-10,48.0,20.0,16.0,11.0,2.0,2.0
2022-02-11,50.0,23.0,19.0,9.0,2.0,1.0
2022-02-12,50.0,44.0,16.0,14.0,,4.0
2022-02-13,86.0,39.0,19.0,18.0,1.0,5.0
2022-02-14,89.0,53.0,12.0,21.0,2.0,7.0
2022-02-15,113.0,39.0,13.0,12.0,2.0,6.0
2022-02-16,89.0,8.0,17.0,5.0,2.0,2.0
2022-02-17,8.0,12.0,15.0,9.0,1.0,2.0
2022-02-18,20.0,12.0,17.0,4.0,1.0,1.0
2022-02-19,16.0,14.0,16.0,7.0,2.0,2.0
2022-02-20,32.0,9.0,16.0,10.0,2.0,2.0
2022-02-21,15.0,15.0,14.0,10.0,1.0,2.0
2022-02-22,29.0,19.0,16.0,10.0,1.0,2.0
2022-02-23,33.0,36.0,18.0,16.0,1.0,4.0
2022-02-24,55.0,27.0,14.0,17.0,1.0,3.0
2022-02-25,48.0,35.0,11.0,15.0,2.0,4.0
2022-02-26,87.0,20.0,16.0,5.0,,3.0
2022-02-27,66.0,19.0,14.0,6.0,1.0,2.0
2022-02-28,50.0,31.0,15.0,14.0,1.0,4.0
2022-03-01,78.0,37.0,16.0,16.0,3.0,6.0
2022-03-02,114.0,51.0,18.0,16.0,8.0,5.0
2022-03-03,133.0,26.0,14.0,7.0,2.0,3.0
2022-03-04,72.0,23.0,18.0,3.0,2.0,2.0
2022-03-05,64.0,20.0,19.0,3.0,2.0,2.0
2022-03-06,62.0,26.0,17.0,11.0,2.0,3.0
2022-03-07,73.0,21.0,16.0,8.0,6.0,3.0
2022-03-08,62.0,39.0,17.0,11.0,7.0,4.0
2022-03-09,109.0,18.0,21.0,4.0,3.0,3.0
2022-03-10,55.0,29.0,20.0,7.0,6.0,3.0
2022-03-11,74.0,44.0,21.0,12.0,4.0,5.0
2022-03-12,108.0,49.0,24.0,9.0,6.0,6.0
2022-03-13,131.0,51.0,21.0,16.0,6.0,6.0
2022-03-14,115.0,52.0,25.0,16.0,6.0,7.0
2022-03-15,119.0,57.0,22.0,16.0,5.0,6.0
2022-03-16,126.0,48.0,27.0,7.0,5.0,4.0
2022-03-17,109.0,36.0,31.0,7.0,6.0,4.0
2022-03-18,87.0,44.0,37.0,8.0,5.0,4.0
2022-03-19,108.0,37.0,37.0,8.0,5.0,4.0
2022-03-20,110.0,46.0,38.0,15.0,5.0,5.0
2022-03-21,115.0,53.0,36.0,18.0,4.0,6.0
2022-03-22,126.0,53.0,32.0,25.0,3.0,8.0
2022-03-23,106.0,42.0,35.0,12.0,3.0,6.0
2022-03-24,98.0,,,,,
2022-03-26,,14.0,31.0,6.0,1.0,
2022-03-27,26.0,35.0,34.0,15.0,3.0,
2022-03-28,76.0,35.0,23.0,17.0,4.0,
2022-03-29,80.0,34.0,32.0,9.0,2.0,
2022-03-30,74.0,13.0,22.0,4.0,1.0,
2022-03-31,53.0,10.0,19.0,5.0,1.0,
2022-04-01,36.0,15.0,24.0,5.0,1.0,
2022-04-02,52.0,18.0,30.0,4.0,1.0,
2022-04-03,45.0,20.0,30.0,9.0,2.0,
2022-04-04,55.0,12.0,28.0,12.0,4.0,
2022-04-05,38.0,10.0,19.0,10.0,5.0,
2022-04-06,28.0,17.0,29.0,11.0,4.0,
2022-04-07,33.0,10.0,29.0,5.0,2.0,
2022-04-08,9.0,15.0,24.0,7.0,2.0,
2022-04-09,40.0,19.0,28.0,6.0,2.0,
2022-04-10,51.0,20.0,27.0,10.0,3.0,
2022-04-11,50.0,33.0,34.0,11.0,4.0,
2022-04-12,71.0,31.0,39.0,10.0,7.0,
2022-04-13,73.0,30.0,45.0,15.0,6.0,
2022-04-14,67.0,30.0,17.0,14.0,3.0,
2022-04-15,64.0,9.0,30.0,2.0,1.0,
2022-04-16,27.0,11.0,33.0,2.0,1.0,
2022-04-17,34.0,16.0,34.0,5.0,2.0,
2022-04-18,48.0,15.0,34.0,5.0,2.0,
2022-04-19,48.0,34.0,24.0,12.0,3.0,
2022-04-20,89.0,34.0,26.0,11.0,4.0,
2022-04-21,93.0,26.0,16.0,8.0,3.0,
2022-04-22,77.0,15.0,34.0,5.0,2.0,
2022-04-23,49.0,27.0,24.0,7.0,3.0,
2022-04-24,80.0,16.0,21.0,12.0,2.0,
2022-04-25,46.0,21.0,20.0,8.0,2.0,
2022-04-26,57.0,28.0,20.0,12.0,2.0,
2022-04-27,71.0,23.0,37.0,9.0,1.0,
2022-04-28,49.0,35.0,35.0,13.0,2.0,
2022-04-29,65.0,24.0,41.0,10.0,2.0,
2022-04-30,57.0,28.0,41.0,10.0,3.0,
2022-05-01,84.0,25.0,45.0,11.0,3.0,
2022-05-02,73.0,32.0,41.0,9.0,3.0,
2022-05-03,71.0,22.0,41.0,6.0,3.0,
2022-05-04,48.0,23.0,33.0,9.0,3.0,
2022-05-05,46.0,25.0,20.0,12.0,2.0,
2022-05-06,61.0,22.0,32.0,7.0,1.0,
2022-05-07,58.0,25.0,32.0,7.0,2.0,
2022-05-08,66.0,14.0,35.0,4.0,1.0,
2022-05-09,32.0,19.0,37.0,7.0,3.0,
2022-05-10,33.0,25.0,40.0,12.0,1.0,
2022-05-11,47.0,33.0,38.0,10.0,1.0,
2022-05-12,39.0,32.0,33.0,9.0,2.0,
2022-05-13,28.0,22.0,36.0,5.0,2.0,
2022-05-14,40.0,20.0,35.0,6.0,2.0,
2022-05-15,47.0,19.0,43.0,8.0,1.0,
2022-05-16,26.0,18.0,33.0,6.0,3.0,
2022-05-17,28.0,14.0,31.0,4.0,1.0,
2022-05-18,13.0,22.0,42.0,12.0,1.0,
2022-05-19,31.0,29.0,37.0,13.0,1.0,
2022-05-20,35.0,24.0,35.0,6.0,1.0,
2022-05-21,19.0,12.0,29.0,2.0,2.0,
2022-05-22,15.0,13.0,34.0,4.0,1.0,
2022-05-23,19.0,21.0,21.0,9.0,4.0,
2022-05-24,44.0,22.0,13.0,9.0,1.0,
2022-05-25,52.0,18.0,33.0,7.0,1.0,
2022-05-26,31.0,13.0,25.0,8.0,1.0,
2022-05-27,14.0,13.0,26.0,5.0,1.0,
2022-05-28,21.0,11.0,35.0,4.0,1.0,
2022-05-29,21.0,17.0,33.0,7.0,1.0,
2022-05-30,39.0,22.0,38.0,7.0,3.0,
2022-05-31,43.0,19.0,39.0,12.0,2.0,
2022-06-01,38.0,18.0,39.0,10.0,1.0,
2022-06-02,34.0,19.0,45.0,6.0,2.0,
2022-06-03,33.0,19.0,25.0,6.0,2.0,
2022-06-04,54.0,20.0,47.0,3.0,1.0,
2022-06-05,52.0,24.0,41.0,8.0,3.0,
2022-06-06,50.0,26.0,41.0,7.0,2.0,
2022-06-07,42.0,17.0,18.0,4.0,1.0,
2022-06-08,44.0,19.0,23.0,9.0,1.0,
2022-06-09,51.0,20.0,22.0,7.0,1.0,
2022-06-10,48.0,15.0,36.0,2.0,1.0,
2022-06-11,35.0,16.0,39.0,5.0,1.0,
2022-06-12,35.0,19.0,31.0,8.0,2.0,
2022-06-13,35.0,17.0,31.0,6.0,1.0,
2022-06-14,24.0,,44.0,6.0,2.0,
2022-06-15,27.0,,42.0,5.0,2.0,
2022-06-16,42.0,21.0,28.0,5.0,1.0,
2022-06-17,40.0,18.0,37.0,7.0,3.0,
2022-06-18,41.0,21.0,33.0,8.0,2.0,
2022-06-19,37.0,23.0,43.0,10.0,2.0,
2022-06-20,32.0,15.0,27.0,5.0,1.0,
2022-06-21,18.0,17.0,34.0,7.0,1.0,
2022-06-22,25.0,19.0,36.0,6.0,1.0,
2022-06-23,27.0,16.0,34.0,6.0,2.0,
2022-06-24,35.0,17.0,40.0,4.0,3.0,
2022-06-25,43.0,18.0,48.0,5.0,4.0,
2022-06-26,46.0,20.0,43.0,6.0,3.0,
2022-06-27,47.0,31.0,28.0,8.0,2.0,
2022-06-28,54.0,29.0,54.0,6.0,1.0,
2022-06-29,58.0,35.0,54.0,7.0,2.0,
2022-06-30,66.0,33.0,64.0,9.0,4.0,
2022-07-01,62.0,15.0,21.0,4.0,1.0,
2022-07-02,45.0,13.0,45.0,3.0,1.0,
2022-07-03,39.0,21.0,52.0,6.0,1.0,
2022-07-04,37.0,18.0,25.0,8.0,1.0,
2022-07-05,41.0,14.0,34.0,3.0,1.0,
2022-07-06,30.0,20.0,33.0,6.0,1.0,
2022-07-07,32.0,14.0,16.0,8.0,,
2022-07-08,32.0,16.0,26.0,4.0,,
2022-07-09,24.0,12.0,19.0,3.0,,
2022-07-10,23.0,11.0,17.0,6.0,1.0,
2022-07-11,13.0,13.0,18.0,6.0,,
2022-07-12,18.0,15.0,29.0,7.0,1.0,
2022-07-13,16.0,25.0,42.0,10.0,,
2022-07-14,28.0,20.0,31.0,4.0,,
2022-07-15,21.0,16.0,34.0,5.0,1.0,
2022-07-16,20.0,12.0,31.0,4.0,,
2022-07-17,17.0,17.0,45.0,8.0,1.0,
2022-07-18,20.0,22.0,48.0,10.0,1.0,
2022-07-19,27.0,27.0,68.0,11.0,1.0,
2022-07-20,37.0,21.0,50.0,7.0,3.0,
2022-07-21,41.0,32.0,80.0,11.0,2.0,
2022-07-22,56.0,28.0,59.0,8.0,,
2022-07-23,57.0,19.0,45.0,3.0,,
2022-07-24,40.0,20.0,55.0,6.0,1.0,
2022-07-25,23.0,27.0,30.0,9.0,1.0,
2022-07-26,45.0,21.0,36.0,6.0,1.0,
2022-07-27,45.0,19.0,44.0,3.0,1.0,
2022-07-28,20.0,19.0,47.0,4.0,2.0,
2022-07-29,30.0,13.0,29.0,6.0,1.0,
2022-07-30,43.0,8.0,20.0,5.0,,
2022-07-31,18.0,18.0,40.0,8.0,1.0,
2022-08-01,38.0,23.0,35.0,6.0,1.0,
2022-08-02,56.0,25.0,48.0,6.0,,
2022-08-03,58.0,22.0,51.0,6.0,2.0,
2022-08-04,51.0,30.0,77.0,10.0,3.0,
2022-08-05,53.0,18.0,29.0,6.0,1.0,
2022-08-06,41.0,11.0,31.0,2.0,,
2022-08-07,22.0,19.0,30.0,3.0,1.0,
2022-08-08,14.0,24.0,35.0,3.0,1.0,
2022-08-09,19.0,19.0,36.0,4.0,2.0,
2022-08-10,20.0,14.0,26.0,4.0,1.0,
2022-08-11,17.0,15.0,40.0,4.0,3.0,
2022-08-12,37.0,13.0,27.0,2.0,1.0,
2022-08-13,46.0,13.0,32.0,2.0,1.0,
2022-08-14,38.0,,34.0,5.0,2.0,
2022-08-15,61.0,27.0,33.0,10.0,11.0,
2022-08-16,52.0,33.0,45.0,9.0,8.0,
2022-08-17,61.0,28.0,46.0,6.0,5.0,
2022-08-18,64.0,34.0,57.0,6.0,2.0,
2022-08-19,62.0,23.0,40.0,6.0,2.0,
2022-08-20,45.0,23.0,24.0,4.0,2.0,
2022-08-21,45.0,20.0,14.0,7.0,10.0,
2022-08-22,40.0,16.0,36.0,9.0,5.0,
2022-08-23,43.0,33.0,32.0,6.0,4.0,
2022-08-24,50.0,45.0,45.0,7.0,7.0,
2022-08-25,43.0,30.0,43.0,8.0,5.0,
2022-08-26,44.0,27.0,50.0,9.0,4.0,
2022-08-27,52.0,16.0,32.0,6.0,2.0,
2022-08-28,37.0,21.0,32.0,7.0,4.0,
2022-08-29,40.0,13.0,35.0,7.0,6.0,
2022-08-30,33.0,12.0,26.0,4.0,4.0,
2022-08-31,19.0,13.0,28.0,3.0,2.0,
2022-09-01,13.0,12.0,29.0,4.0,3.0,
2022-09-02,14.0,11.0,25.0,2.0,,
2022-09-03,28.0,11.0,16.0,5.0,2.0,
2022-09-04,41.0,12.0,36.0,4.0,2.0,
2022-09-05,40.0,16.0,34.0,3.0,1.0,
2022-09-06,28.0,19.0,38.0,5.0,2.0,
2022-09-07,38.0,26.0,38.0,6.0,2.0,
2022-09-08,58.0,17.0,36.0,8.0,6.0,
2022-09-09,33.0,19.0,20.0,4.0,2.0,
2022-09-10,44.0,15.0,21.0,5.0,3.0,
2022-09-11,32.0,17.0,30.0,6.0,6.0,
2022-09-12,27.0,16.0,31.0,10.0,11.0,
2022-09-13,38.0,10.0,18.0,13.0,14.0,
2022-09-14,33.0,10.0,19.0,10.0,11.0,
2022-09-15,30.0,15.0,20.0,9.0,8.0,
2022-09-16,33.0,14.0,19.0,7.0,5.0,
2022-09-17,31.0,11.0,19.0,4.0,3.0,
2022-09-18,20.0,10.0,17.0,8.0,9.0,
2022-09-19,21.0,12.0,17.0,8.0,9.0,
2022-09-20,35.0,13.0,13.0,9.0,7.0,
2022-09-21,38.0,14.0,13.0,9.0,9.0,
2022-09-22,37.0,26.0,16.0,9.0,21.0,
2022-09-23,49.0,22.0,25.0,5.0,20.0,
2022-09-24,58.0,29.0,11.0,5.0,11.0,
2022-09-25,77.0,32.0,7.0,8.0,18.0,
2022-09-26,83.0,18.0,19.0,6.0,2.0,
2022-09-27,56.0,12.0,21.0,9.0,1.0,
2022-09-28,24.0,18.0,21.0,10.0,1.0,
2022-09-29,35.0,18.0,4.0,5.0,1.0,
2022-09-30,59.0,26.0,20.0,7.0,1.0,
2022-10-01,64.0,11.0,21.0,5.0,1.0,
2022-10-02,20.0,13.0,16.0,7.0,1.0,
2022-10-03,23.0,18.0,16.0,9.0,1.0,
2022-10-04,30.0,32.0,12.0,11.0,1.0,
2022-10-05,56.0,28.0,20.0,14.0,1.0,
2022-10-06,52.0,26.0,21.0,8.0,1.0,
2022-10-07,55.0,28.0,26.0,8.0,1.0,
2022-10-08,71.0,17.0,20.0,5.0,1.0,
2022-10-09,33.0,19.0,16.0,9.0,1.0,
2022-10-10,52.0,30.0,11.0,13.0,1.0,
2022-10-11,71.0,33.0,22.0,9.0,1.0,
2022-10-12,66.0,31.0,17.0,9.0,2.0,
2022-10-13,88.0,44.0,2.0,13.0,1.0,
2022-10-14,99.0,25.0,23.0,7.0,1.0,
2022-10-15,74.0,25.0,15.0,11.0,1.0,
2022-10-16,61.0,35.0,18.0,13.0,1.0,
2022-10-17,65.0,32.0,23.0,14.0,2.0,
2022-10-18,69.0,10.0,18.0,9.0,1.0,
2022-10-19,24.0,14.0,21.0,8.0,2.0,
2022-10-20,37.0,32.0,2.0,13.0,2.0,
2022-10-21,81.0,39.0,9.0,12.0,1.0,
2022-10-22,97.0,39.0,15.0,10.0,1.0,
2022-10-23,60.0,29.0,7.0,12.0,1.0,
2022-10-24,61.0,19.0,14.0,12.0,1.0,
2022-10-25,46.0,35.0,16.0,14.0,2.0,
2022-10-26,49.0,40.0,13.0,14.0,1.0,
2022-10-27,69.0,41.0,7.0,14.0,1.0,
2022-10-28,81.0,30.0,14.0,10.0,2.0,
2022-10-29,63.0,32.0,12.0,11.0,2.0,
2022-10-30,66.0,48.0,9.0,13.0,2.0,
2022-10-31,74.0,44.0,7.0,7.0,2.0,
2022-11-01,85.0,30.0,16.0,11.0,2.0,
2022-11-02,59.0,39.0,6.0,10.0,2.0,
2022-11-03,69.0,35.0,8.0,10.0,5.0,
2022-11-04,70.0,23.0,13.0,9.0,1.0,
2022-11-05,50.0,28.0,13.0,4.0,1.0,
2022-11-06,52.0,28.0,11.0,12.0,1.0,
2022-11-07,55.0,37.0,11.0,13.0,1.0,
2022-11-08,63.0,54.0,3.0,15.0,2.0,
2022-11-09,105.0,40.0,1.0,14.0,2.0,
2022-11-10,105.0,31.0,13.0,11.0,2.0,
2022-11-11,80.0,31.0,14.0,12.0,2.0,
2022-11-12,84.0,39.0,12.0,7.0,2.0,
2022-11-13,102.0,24.0,7.0,5.0,1.0,
2022-11-14,70.0,35.0,1.0,12.0,2.0,
2022-11-15,88.0,28.0,9.0,7.0,2.0,
2022-11-16,82.0,7.0,9.0,3.0,1.0,
2022-11-17,21.0,16.0,13.0,5.0,1.0,
2022-11-18,63.0,23.0,9.0,6.0,2.0,
2022-11-19,76.0,58.0,1.0,9.0,2.0,
2022-11-20,160.0,63.0,,11.0,3.0,
2022-11-21,159.0,41.0,4.0,9.0,3.0,
2022-11-22,115.0,29.0,6.0,7.0,3.0,
2022-11-23,90.0,24.0,3.0,11.0,3.0,
2022-11-24,78.0,55.0,1.0,15.0,4.0,
2022-11-25,143.0,39.0,5.0,12.0,3.0,
2022-11-26,116.0,22.0,6.0,7.0,2.0,
2022-11-27,71.0,29.0,3.0,9.0,5.0,
2022-11-28,92.0,32.0,8.0,8.0,1.0,
2022-11-29,103.0,30.0,11.0,8.0,1.0,
2022-11-30,90.0,23.0,13.0,6.0,4.0,
2022-12-01,72.0,23.0,11.0,5.0,2.0,
2022-12-02,71.0,51.0,2.0,7.0,2.0,
2022-12-03,135.0,22.0,5.0,4.0,1.0,
2022-12-04,82.0,27.0,4.0,9.0,2.0,
2022-12-05,88.0,29.0,,9.0,2.0,
2022-12-06,95.0,12.0,15.0,4.0,2.0,
2022-12-07,43.0,27.0,13.0,,1.0,
2022-12-08,55.0,42.0,7.0,6.0,2.0,
2022-12-09,102.0,18.0,7.0,,,
2022-12-10,64.0,16.0,14.0,,1.0,
2022-12-11,61.0,22.0,15.0,,3.0,
2022-12-12,73.0,16.0,13.0,18.0,2.0,
2022-12-13,59.0,44.0,3.0,16.0,6.0,
2022-12-14,128.0,45.0,8.0,18.0,7.0,
2022-12-15,131.0,36.0,8.0,10.0,4.0,
2022-12-16,108.0,44.0,9.0,11.0,3.0,
2022-12-17,132.0,39.0,13.0,12.0,3.0,
2022-12-18,113.0,61.0,8.0,26.0,4.0,
2022-12-19,164.0,60.0,3.0,34.0,6.0,
2022-12-20,163.0,56.0,1.0,23.0,5.0,
2022-12-21,154.0,49.0,14.0,22.0,4.0,
2022-12-22,135.0,20.0,8.0,21.0,1.0,
2022-12-23,62.0,21.0,16.0,11.0,1.0,
2022-12-24,68.0,23.0,11.0,11.0,2.0,
2022-12-25,71.0,23.0,8.0,12.0,2.0,
2022-12-26,90.0,10.0,23.0,7.0,1.0,
2022-12-27,28.0,20.0,17.0,18.0,1.0,
2022-12-28,44.0,27.0,10.0,23.0,2.0,
2022-12-29,53.0,38.0,2.0,19.0,3.0,
2022-12-30,97.0,31.0,21.0,10.0,3.0,
2022-12-31,92.0,33.0,14.0,13.0,2.0,
2023-01-01,149.0,45.0,,16.0,2.0,
2023-01-02,133.0,21.0,8.0,16.0,3.0,
2023-01-03,70.0,32.0,23.0,15.0,3.0,
2023-01-04,88.0,5.0,20.0,7.0,3.0,
2023-01-05,13.0,14.0,18.0,8.0,2.0,
2023-01-06,38.0,32.0,11.0,10.0,2.0,
2023-01-07,73.0,33.0,6.0,8.0,2.0,
2023-01-08,103.0,31.0,7.0,15.0,2.0,
2023-01-09,90.0,13.0,13.0,15.0,1.0,
2023-01-10,55.0,25.0,15.0,12.0,1.0,
2023-01-11,73.0,25.0,11.0,18.0,2.0,
2023-01-12,76.0,14.0,21.0,15.0,1.0,
2023-01-13,32.0,14.0,8.0,13.0,1.0,
2023-01-14,37.0,6.0,26.0,5.0,1.0,
2023-01-15,23.0,13.0,14.0,10.0,2.0,
2023-01-16,47.0,23.0,9.0,18.0,2.0,
2023-01-17,58.0,13.0,20.0,14.0,2.0,
2023-01-18,52.0,30.0,,13.0,2.0,
2023-01-19,101.0,24.0,11.0,10.0,2.0,
2023-01-20,83.0,14.0,13.0,10.0,1.0,
2023-01-21,48.0,21.0,13.0,6.0,2.0,
2023-01-22,79.0,20.0,3.0,8.0,1.0,
2023-01-23,77.0,14.0,12.0,6.0,1.0,
2023-01-24,62.0,11.0,15.0,9.0,,
2023-01-25,40.0,23.0,17.0,6.0,1.0,
2023-01-26,77.0,26.0,21.0,5.0,2.0,
2023-01-27,83.0,22.0,20.0,3.0,1.0,
2023-01-28,72.0,16.0,25.0,5.0,2.0,
2023-01-29,60.0,18.0,20.0,9.0,3.0,
2023-01-30,65.0,13.0,22.0,9.0,2.0,
2023-01-31,39.0,9.0,23.0,7.0,1.0,
2023-02-01,29.0,9.0,24.0,6.0,1.0,
2023-02-02,23.0,10.0,26.0,11.0,1.0,
2023-02-03,36.0,8.0,24.0,3.0,1.0,
2023-02-04,29.0,11.0,22.0,2.0,1.0,
2023-02-05,42.0,25.0,20.0,8.0,1.0,
2023-02-06,77.0,65.0,6.0,22.0,9.0,
2023-02-07,172.0,35.0,22.0,15.0,3.0,
2023-02-08,123.0,60.0,19.0,22.0,3.0,
2023-02-09,146.0,43.0,23.0,17.0,4.0,
2023-02-10,122.0,35.0,22.0,9.0,2.0,
2023-02-11,109.0,18.0,26.0,9.0,1.0,
2023-02-12,61.0,32.0,18.0,14.0,3.0,
2023-02-13,97.0,22.0,17.0,11.0,2.0,
2023-02-14,69.0,33.0,25.0,10.0,2.0,
2023-02-15,87.0,47.0,18.0,15.0,2.0,
2023-02-16,123.0,26.0,20.0,15.0,2.0,
2023-02-17,87.0,6.0,31.0,5.0,1.0,
2023-02-18,21.0,6.0,25.0,4.0,1.0,
2023-02-19,23.0,12.0,29.0,8.0,2.0,
2023-02-20,36.0,8.0,27.0,6.0,1.0,
2023-02-21,20.0,25.0,18.0,13.0,2.0,
2023-02-22,51.0,27.0,12.0,11.0,5.0,
2023-02-23,82.0,27.0,13.0,16.0,1.0,
2023-02-24,82.0,7.0,18.0,5.0,1.0,
2023-02-25,30.0,7.0,21.0,2.0,,
2023-02-26,31.0,10.0,19.0,3.0,,
2023-02-27,40.0,25.0,22.0,9.0,1.0,
2023-02-28,72.0,47.0,19.0,16.0,1.0,
2023-03-01,126.0,51.0,22.0,14.0,2.0,
2023-03-02,136.0,48.0,13.0,14.0,1.0,
2023-03-03,136.0,29.0,17.0,6.0,1.0,
2023-03-04,87.0,12.0,20.0,6.0,1.0,
2023-03-05,41.0,17.0,19.0,13.0,2.0,
2023-03-06,54.0,26.0,19.0,14.0,2.0,
2023-03-07,78.0,14.0,21.0,9.0,1.0,
2023-03-08,52.0,15.0,14.0,14.0,1.0,
2023-03-09,48.0,16.0,22.0,10.0,1.0,
2023-03-10,48.0,7.0,21.0,6.0,1.0,
2023-03-11,23.0,11.0,24.0,6.0,1.0,
2023-03-12,44.0,13.0,21.0,12.0,1.0,
2023-03-13,30.0,15.0,20.0,13.0,1.0,
2023-03-14,33.0,16.0,21.0,8.0,,
2023-03-15,29.0,27.0,18.0,12.0,1.0,
2023-03-16,61.0,37.0,25.0,9.0,1.0,
2023-03-17,92.0,30.0,26.0,11.0,4.0,
2023-03-18,79.0,42.0,28.0,12.0,1.0,
2023-03-19,108.0,41.0,19.0,18.0,2.0,
2023-03-20,115.0,31.0,11.0,13.0,1.0,
2023-03-21,84.0,39.0,13.0,15.0,1.0,
2023-03-22,81.0,29.0,23.0,17.0,1.0,
2023-03-23,57.0,22.0,23.0,13.0,1.0,
2023-03-24,50.0,12.0,23.0,8.0,1.0,
2023-03-25,33.0,9.0,22.0,7.0,1.0,
2023-03-26,30.0,11.0,22.0,6.0,,
2023-03-27,38.0,13.0,23.0,8.0,1.0,
2023-03-28,40.0,19.0,26.0,15.0,2.0,
2023-03-29,52.0,23.0,22.0,15.0,1.0,
2023-03-30,45.0,15.0,23.0,12.0,1.0,
2023-03-31,36.0,10.0,24.0,6.0,1.0,
2023-04-01,25.0,9.0,16.0,,1.0,
2023-04-02,37.0,7.0,24.0,5.0,,
2023-04-03,23.0,11.0,27.0,4.0,,
2023-04-04,38.0,19.0,27.0,8.0,1.0,
2023-04-05,57.0,20.0,20.0,11.0,,
2023-04-06,67.0,20.0,14.0,13.0,1.0,
2023-04-07,79.0,26.0,19.0,6.0,1.0,
2023-04-08,86.0,21.0,26.0,8.0,1.0,
2023-04-09,101.0,29.0,13.0,9.0,1.0,
2023-04-10,103.0,14.0,29.0,10.0,1.0,
2023-04-11,48.0,17.0,22.0,9.0,1.0,
2023-04-12,45.0,29.0,24.0,12.0,2.0,
2023-04-13,76.0,26.0,28.0,9.0,3.0,
2023-04-14,65.0,9.0,28.0,8.0,1.0,
2023-04-15,26.0,20.0,29.0,9.0,1.0,
2023-04-16,62.0,18.0,15.0,6.0,,
2023-04-17,57.0,16.0,26.0,4.0,,
2023-04-18,44.0,17.0,18.0,5.0,,
2023-04-19,56.0,32.0,24.0,8.0,,
2023-04-20,65.0,32.0,36.0,12.0,1.0,
2023-04-21,62.0,29.0,36.0,10.0,1.0,
2023-04-22,71.0,26.0,34.0,12.0,1.0,
2023-04-23,76.0,22.0,32.0,12.0,1.0,
2023-04-24,57.0,14.0,19.0,9.0,1.0,
2023-04-25,34.0,17.0,25.0,7.0,1.0,
2023-04-26,24.0,27.0,27.0,13.0,2.0,
2023-04-27,56.0,30.0,36.0,9.0,1.0,
2023-04-28,65.0,23.0,27.0,8.0,1.0,
2023-04-29,65.0,15.0,32.0,4.0,,
2023-04-30,41.0,13.0,34.0,5.0,1.0,
2023-05-01,44.0,16.0,27.0,9.0,1.0,
2023-05-02,42.0,18.0,19.0,5.0,,
2023-05-03,59.0,19.0,33.0,7.0,1.0,
2023-05-04,47.0,18.0,33.0,8.0,1.0,
2023-05-05,47.0,20.0,18.0,7.0,1.0,
2023-05-06,57.0,12.0,21.0,2.0,,
2023-05-07,36.0,12.0,25.0,4.0,1.0,
2023-05-08,31.0,20.0,28.0,6.0,1.0,
2023-05-09,48.0,19.0,35.0,6.0,3.0,
2023-05-10,43.0,19.0,34.0,7.0,5.0,
2023-05-11,44.0,25.0,35.0,6.0,3.0,
2023-05-12,40.0,16.0,33.0,6.0,2.0,
2023-05-13,41.0,13.0,30.0,5.0,1.0,
2023-05-14,40.0,10.0,21.0,9.0,1.0,
2023-05-15,28.0,18.0,32.0,8.0,1.0,
2023-05-16,37.0,11.0,26.0,7.0,,
2023-05-17,26.0,12.0,19.0,5.0,,
2023-05-18,30.0,16.0,19.0,3.0,1.0,
2023-05-19,44.0,22.0,29.0,4.0,3.0,
2023-05-20,70.0,20.0,33.0,3.0,3.0,
2023-05-21,48.0,20.0,39.0,5.0,4.0,
2023-05-22,38.0,25.0,38.0,9.0,4.0,
2023-05-23,56.0,25.0,20.0,9.0,2.0,
2023-05-24,63.0,32.0,21.0,9.0,2.0,
2023-05-25,75.0,34.0,33.0,8.0,2.0,
2023-05-26,71.0,21.0,35.0,4.0,2.0,
2023-05-27,29.0,13.0,35.0,5.0,2.0,
2023-05-28,24.0,19.0,40.0,7.0,2.0,
2023-05-29,28.0,28.0,39.0,8.0,1.0,
2023-05-30,37.0,19.0,40.0,7.0,2.0,
2023-05-31,26.0,24.0,48.0,12.0,2.0,
2023-06-01,39.0,24.0,33.0,9.0,1.0,
2023-06-02,40.0,13.0,34.0,3.0,2.0,
2023-06-03,21.0,14.0,38.0,5.0,3.0,
2023-06-04,25.0,19.0,43.0,6.0,2.0,
2023-06-05,28.0,22.0,25.0,7.0,2.0,
2023-06-06,45.0,12.0,28.0,5.0,1.0,
2023-06-07,43.0,13.0,29.0,3.0,1.0,
2023-06-08,56.0,16.0,30.0,4.0,1.0,
2023-06-09,56.0,17.0,36.0,3.0,,
2023-06-10,49.0,15.0,38.0,2.0,1.0,
2023-06-11,44.0,17.0,35.0,3.0,1.0,
2023-06-12,28.0,10.0,28.0,4.0,1.0,
2023-06-13,24.0,12.0,22.0,5.0,,
2023-06-14,32.0,21.0,41.0,6.0,2.0,
2023-06-15,55.0,26.0,43.0,7.0,1.0,
2023-06-16,67.0,23.0,43.0,7.0,1.0,
2023-06-17,70.0,17.0,43.0,8.0,2.0,
2023-06-18,57.0,22.0,57.0,10.0,2.0,
2023-06-19,59.0,28.0,65.0,9.0,1.0,
2023-06-20,62.0,34.0,43.0,11.0,2.0,
2023-06-21,70.0,21.0,44.0,7.0,1.0,
2023-06-22,52.0,37.0,19.0,12.0,2.0,
2023-06-23,61.0,22.0,22.0,7.0,1.0,
2023-06-24,40.0,25.0,39.0,4.0,1.0,
2023-06-25,46.0,21.0,59.0,8.0,1.0,
2023-06-26,41.0,20.0,35.0,8.0,1.0,
2023-06-27,54.0,15.0,31.0,6.0,1.0,
2023-06-28,,20.0,41.0,7.0,1.0,
2023-06-29,,22.0,47.0,10.0,1.0,
2023-06-30,32.0,18.0,36.0,4.0,1.0,
2023-07-01,59.0,19.0,32.0,5.0,1.0,
2023-07-02,53.0,22.0,42.0,8.0,1.0,
2023-07-03,46.0,23.0,41.0,9.0,1.0,
2023-07-04,46.0,26.0,41.0,7.0,1.0,
2023-07-05,40.0,19.0,30.0,8.0,1.0,
2023-07-06,44.0,20.0,45.0,7.0,1.0,
2023-07-07,52.0,17.0,62.0,7.0,1.0,
2023-08-14,,,25.0,5.0,2.0,
2023-08-15,65.0,,51.0,6.0,2.0,
2023-08-16,76.0,,32.0,9.0,1.0,
2023-08-17,71.0,,35.0,9.0,2.0,
2023-08-18,69.0,,38.0,6.0,1.0,
2023-08-19,82.0,,48.0,6.0,1.0,
2023-08-20,80.0,29.0,48.0,8.0,2.0,
2023-08-21,90.0,25.0,53.0,6.0,2.0,
2023-08-22,71.0,25.0,40.0,6.0,2.0,
2023-08-23,80.0,24.0,53.0,9.0,2.0,
2023-08-24,70.0,33.0,38.0,11.0,2.0,
2023-08-25,92.0,16.0,33.0,8.0,1.0,
2023-08-26,61.0,12.0,40.0,4.0,2.0,
2023-08-27,55.0,13.0,24.0,4.0,2.0,
2023-08-28,50.0,19.0,21.0,7.0,2.0,
2023-08-29,61.0,12.0,14.0,7.0,2.0,
2023-08-30,50.0,13.0,29.0,7.0,2.0,
2023-08-31,47.0,11.0,31.0,8.0,2.0,
2023-09-01,45.0,9.0,25.0,5.0,2.0,
2023-09-02,45.0,13.0,33.0,4.0,1.0,
2023-09-03,59.0,16.0,30.0,6.0,1.0,
2023-09-04,56.0,19.0,37.0,6.0,2.0,
2023-09-05,63.0,22.0,41.0,6.0,2.0,
2023-09-06,72.0,24.0,44.0,6.0,3.0,
2023-09-07,86.0,26.0,40.0,7.0,3.0,
2023-09-08,95.0,27.0,43.0,5.0,2.0,
2023-09-09,102.0,24.0,45.0,5.0,2.0,
2023-09-10,107.0,25.0,46.0,9.0,2.0,
2023-09-11,86.0,33.0,49.0,10.0,2.0,
2023-09-12,113.0,37.0,45.0,11.0,2.0,
2023-09-13,113.0,11.0,29.0,6.0,2.0,
2023-09-14,47.0,14.0,34.0,3.0,2.0,
2023-09-15,44.0,14.0,27.0,4.0,3.0,
2023-09-16,81.0,13.0,34.0,4.0,2.0,
2023-09-17,61.0,25.0,34.0,6.0,1.0,
2023-09-18,67.0,17.0,18.0,10.0,2.0,
2023-09-19,66.0,13.0,31.0,6.0,2.0,
2023-09-20,47.0,18.0,34.0,5.0,2.0,
2023-09-21,50.0,22.0,30.0,8.0,2.0,
2023-09-22,59.0,12.0,21.0,5.0,2.0,
2023-09-23,46.0,7.0,17.0,3.0,1.0,
2023-09-24,40.0,14.0,14.0,3.0,1.0,
2023-09-25,62.0,26.0,24.0,5.0,1.0,
2023-09-26,79.0,34.0,37.0,10.0,1.0,
2023-09-27,93.0,36.0,30.0,9.0,,
2023-09-28,90.0,37.0,36.0,9.0,,
2023-09-29,93.0,24.0,11.0,9.0,,
2023-09-30,92.0,20.0,20.0,8.0,,
2023-10-01,61.0,18.0,24.0,9.0,,
2023-10-02,50.0,18.0,19.0,9.0,,
2023-10-03,64.0,13.0,27.0,10.0,,
2023-10-04,32.0,17.0,28.0,11.0,1.0,
2023-10-05,52.0,18.0,26.0,11.0,1.0,
2023-10-06,53.0,15.0,29.0,5.0,1.0,
2023-10-07,41.0,6.0,26.0,4.0,,
2023-10-08,20.0,9.0,16.0,9.0,,
2023-10-09,44.0,18.0,11.0,6.0,1.0,
2023-10-10,65.0,23.0,20.0,10.0,1.0,
2023-10-11,72.0,23.0,32.0,10.0,,
2023-10-12,65.0,20.0,21.0,10.0,1.0,
2023-10-13,64.0,19.0,30.0,6.0,,
2023-10-14,63.0,11.0,23.0,6.0,1.0,
2023-10-15,33.0,12.0,19.0,9.0,1.0,
2023-10-16,41.0,25.0,19.0,10.0,1.0,
2023-10-17,76.0,32.0,23.0,10.0,1.0,
2023-10-18,102.0,33.0,4.0,10.0,2.0,
2023-10-19,126.0,30.0,7.0,9.0,2.0,
2023-10-20,87.0,29.0,12.0,10.0,1.0,
2023-10-21,87.0,13.0,18.0,6.0,1.0,
2023-10-22,57.0,19.0,15.0,9.0,1.0,
2023-10-23,63.0,24.0,5.0,7.0,2.0,
2023-10-24,109.0,20.0,13.0,8.0,1.0,
2023-10-25,69.0,19.0,14.0,9.0,1.0,
2023-10-26,74.0,12.0,10.0,8.0,1.0,
2023-10-27,55.0,9.0,22.0,8.0,1.0,
2023-10-28,36.0,14.0,21.0,8.0,1.0,
2023-10-29,45.0,32.0,9.0,12.0,1.0,
2023-10-30,69.0,15.0,22.0,10.0,1.0,
2023-10-31,45.0,,21.0,5.0,1.0,
2023-11-01,43.0,,26.0,7.0,1.0,
2023-11-02,51.0,11.0,27.0,6.0,1.0,
2023-11-03,33.0,12.0,23.0,6.0,1.0,
2023-11-04,33.0,16.0,24.0,8.0,1.0,
2023-11-05,63.0,10.0,24.0,7.0,1.0,
2023-11-06,23.0,30.0,18.0,11.0,1.0,
2023-11-07,77.0,21.0,15.0,13.0,1.0,
2023-11-08,89.0,23.0,19.0,12.0,1.0,
2023-11-09,55.0,26.0,18.0,12.0,2.0,
2023-11-10,76.0,23.0,14.0,7.0,1.0,
2023-11-11,85.0,18.0,14.0,7.0,1.0,
2023-11-12,79.0,28.0,14.0,12.0,1.0,
2023-11-13,77.0,16.0,24.0,9.0,1.0,
2023-11-14,48.0,7.0,18.0,8.0,1.0,
2023-11-15,23.0,15.0,12.0,9.0,1.0,
2023-11-16,54.0,14.0,15.0,6.0,1.0,
2023-11-17,57.0,9.0,10.0,3.0,1.0,
2023-11-18,42.0,17.0,14.0,5.0,1.0,
2023-11-19,65.0,11.0,18.0,11.0,1.0,
2023-11-20,42.0,11.0,18.0,10.0,1.0,
2023-11-21,46.0,16.0,16.0,3.0,,
2023-11-22,64.0,15.0,20.0,8.0,2.0,
2023-11-23,61.0,8.0,27.0,7.0,1.0,
2023-11-24,23.0,10.0,21.0,6.0,1.0,
2023-11-25,42.0,11.0,24.0,3.0,1.0,
2023-11-26,43.0,23.0,15.0,11.0,2.0,
2023-11-27,74.0,24.0,12.0,6.0,2.0,
2023-11-28,98.0,35.0,9.0,12.0,2.0,
2023-11-29,105.0,42.0,9.0,16.0,1.0,
2023-11-30,121.0,55.0,10.0,11.0,2.0,
2023-12-01,161.0,21.0,16.0,5.0,1.0,
2023-12-02,78.0,19.0,14.0,8.0,2.0,
2023-12-03,74.0,32.0,11.0,13.0,1.0,
2023-12-04,96.0,48.0,6.0,17.0,1.0,
2023-12-05,142.0,63.0,6.0,14.0,1.0,
2023-12-06,175.0,63.0,2.0,17.0,4.0,
2023-12-07,173.0,53.0,8.0,13.0,3.0,
2023-12-08,142.0,54.0,4.0,14.0,1.0,
2023-12-09,157.0,35.0,3.0,15.0,1.0,
2023-12-10,117.0,14.0,20.0,20.0,1.0,
2023-12-11,56.0,,20.0,14.0,1.0,
2023-12-12,45.0,27.0,4.0,10.0,1.0,
2023-12-13,83.0,28.0,5.0,10.0,,
2023-12-14,95.0,23.0,7.0,12.0,1.0,
2023-12-15,82.0,23.0,14.0,9.0,1.0,
2023-12-16,78.0,16.0,16.0,7.0,1.0,
2023-12-17,66.0,16.0,16.0,12.0,1.0,
2023-12-18,54.0,24.0,12.0,21.0,1.0,
2023-12-19,71.0,12.0,19.0,13.0,1.0,
2023-12-20,51.0,5.0,21.0,8.0,1.0,
2023-12-21,10.0,9.0,29.0,7.0,1.0,
2023-12-22,19.0,9.0,29.0,5.0,,
2023-12-23,24.0,7.0,27.0,7.0,,
2023-12-24,30.0,5.0,27.0,2.0,,
2023-12-25,12.0,7.0,28.0,4.0,,
2023-12-26,15.0,20.0,25.0,12.0,,
2023-12-27,35.0,34.0,3.0,20.0,,
2023-12-28,122.0,,,21.0,1.0,
2023-12-29,113.0,,,,,
2024-01-06,,12.0,25.0,2.0,,
2024-01-07,51.0,35.0,14.0,8.0,,
2024-01-08,88.0,54.0,14.0,15.0,2.0,
2024-01-09,154.0,86.0,3.0,34.0,1.0,
2024-01-10,197.0,51.0,13.0,22.0,8.0,
2024-01-11,146.0,19.0,20.0,13.0,2.0,
2024-01-12,68.0,15.0,22.0,7.0,2.0,
2024-01-13,60.0,13.0,21.0,7.0,1.0,
2024-01-14,52.0,11.0,24.0,7.0,1.0,
2024-01-15,39.0,12.0,22.0,13.0,1.0,
2024-01-16,44.0,37.0,11.0,19.0,2.0,
2024-01-17,103.0,20.0,19.0,19.0,1.0,
2024-01-18,86.0,23.0,20.0,14.0,1.0,
2024-01-19,72.0,18.0,27.0,7.0,2.0,
2024-01-20,59.0,29.0,24.0,11.0,2.0,
2024-01-21,80.0,36.0,29.0,18.0,,
2024-01-22,158.0,17.0,22.0,13.0,,
2024-01-23,57.0,11.0,30.0,14.0,,
2024-01-24,30.0,12.0,30.0,7.0,,
2024-01-25,28.0,17.0,24.0,17.0,,
2024-01-26,49.0,11.0,30.0,6.0,,
2024-01-27,31.0,23.0,15.0,12.0,,
2024-01-28,69.0,24.0,7.0,14.0,,
2024-01-29,78.0,58.0,5.0,21.0,,
2024-01-30,153.0,41.0,3.0,20.0,4.0,
2024-01-31,124.0,34.0,20.0,15.0,1.0,
2024-02-01,108.0,19.0,22.0,12.0,1.0,
2024-02-02,52.0,12.0,22.0,5.0,,
2024-02-03,39.0,6.0,28.0,4.0,,
2024-02-04,22.0,9.0,29.0,6.0,,
2024-02-05,20.0,15.0,27.0,6.0,,
2024-02-06,35.0,10.0,28.0,6.0,1.0,
2024-02-07,19.0,13.0,24.0,9.0,,
2024-02-08,44.0,24.0,10.0,9.0,1.0,
2024-02-09,74.0,31.0,13.0,11.0,1.0,
2024-02-10,83.0,21.0,13.0,11.0,,
2024-02-11,64.0,14.0,13.0,12.0,1.0,
2024-02-12,37.0,20.0,17.0,13.0,1.0,
2024-02-13,57.0,31.0,25.0,16.0,1.0,
2024-02-14,68.0,45.0,19.0,15.0,1.0,
2024-02-15,99.0,45.0,13.0,11.0,1.0,
2024-02-16,110.0,35.0,16.0,11.0,,
2024-02-17,106.0,12.0,25.0,3.0,,
2024-02-18,40.0,26.0,24.0,11.0,1.0,
2024-02-19,78.0,10.0,22.0,10.0,1.0,
2024-02-20,38.0,16.0,21.0,13.0,1.0,
2024-02-21,45.0,22.0,29.0,11.0,,
2024-02-22,55.0,14.0,23.0,15.0,,
2024-02-23,33.0,17.0,25.0,10.0,,
2024-02-24,42.0,32.0,25.0,12.0,,
2024-02-25,95.0,31.0,26.0,12.0,1.0,
2024-02-26,79.0,49.0,12.0,14.0,1.0,
2024-02-27,115.0,64.0,2.0,19.0,1.0,
2024-02-28,145.0,39.0,12.0,5.0,,
2024-02-29,101.0,52.0,9.0,8.0,1.0,
2024-03-01,150.0,42.0,5.0,9.0,1.0,
2024-03-02,130.0,35.0,30.0,5.0,,
2024-03-03,105.0,42.0,13.0,9.0,1.0,
2024-03-04,123.0,24.0,8.0,6.0,,
2024-03-05,77.0,25.0,15.0,9.0,,
2024-03-06,78.0,30.0,25.0,3.0,,
2024-03-07,81.0,34.0,25.0,9.0,,
2024-03-08,92.0,37.0,20.0,7.0,1.0,
2024-03-09,106.0,22.0,26.0,5.0,1.0,
2024-03-10,72.0,19.0,23.0,5.0,1.0,
2024-03-11,68.0,24.0,8.0,6.0,,
2024-03-12,75.0,18.0,6.0,9.0,,
2024-03-13,55.0,34.0,12.0,8.0,,
2024-03-14,88.0,29.0,21.0,8.0,1.0,
2024-03-15,88.0,28.0,27.0,11.0,,
2024-03-16,78.0,12.0,33.0,3.0,,
2024-03-17,35.0,13.0,28.0,6.0,,
2024-03-18,34.0,17.0,28.0,6.0,,
2024-03-19,54.0,43.0,25.0,12.0,1.0,
2024-03-20,107.0,54.0,24.0,14.0,3.0,
2024-03-21,133.0,39.0,17.0,17.0,2.0,
2024-03-22,101.0,26.0,34.0,10.0,1.0,
2024-03-23,68.0,12.0,30.0,8.0,1.0,
2024-03-24,34.0,12.0,21.0,14.0,,
2024-03-25,33.0,27.0,34.0,10.0,1.0,
2024-03-26,57.0,21.0,33.0,9.0,1.0,
2024-03-27,40.0,29.0,31.0,12.0,1.0,
2024-03-28,45.0,11.0,35.0,8.0,,
2024-03-29,19.0,56.0,32.0,7.0,1.0,
2024-03-30,79.0,65.0,35.0,5.0,1.0,
2024-03-31,77.0,83.0,30.0,7.0,,
2024-04-01,104.0,17.0,24.0,9.0,1.0,
2024-04-02,34.0,11.0,36.0,6.0,,
2024-04-03,15.0,11.0,29.0,12.0,,
2024-04-04,26.0,13.0,35.0,10.0,,
2024-04-05,27.0,19.0,33.0,13.0,,
2024-04-06,47.0,22.0,34.0,7.0,,
2024-04-07,64.0,24.0,38.0,11.0,,
2024-04-08,50.0,27.0,38.0,14.0,,
2024-04-09,48.0,29.0,22.0,12.0,,
2024-04-10,56.0,22.0,28.0,9.0,,
2024-04-11,48.0,31.0,39.0,14.0,,
2024-04-12,66.0,26.0,35.0,13.0,,
2024-04-13,59.0,25.0,35.0,7.0,,
2024-04-14,60.0,18.0,24.0,8.0,,
2024-04-15,46.0,16.0,33.0,8.0,,
2024-04-16,30.0,19.0,20.0,10.0,,
2024-04-17,43.0,15.0,28.0,8.0,,
2024-04-18,49.0,15.0,31.0,8.0,,
2024-04-19,39.0,6.0,27.0,5.0,,
2024-04-20,15.0,8.0,22.0,3.0,,
2024-04-21,34.0,12.0,29.0,5.0,,
2024-04-22,41.0,17.0,32.0,3.0,1.0,
2024-04-23,61.0,23.0,21.0,9.0,1.0,
2024-04-24,72.0,19.0,35.0,11.0,1.0,
2024-04-25,57.0,23.0,38.0,11.0,,
2024-04-26,47.0,25.0,38.0,11.0,1.0,
2024-04-27,72.0,20.0,40.0,8.0,1.0,
2024-04-28,57.0,24.0,44.0,8.0,1.0,
2024-04-29,48.0,26.0,43.0,7.0,2.0,
2024-04-30,50.0,19.0,45.0,5.0,1.0,
2024-05-01,34.0,17.0,41.0,6.0,1.0,
2024-05-02,29.0,16.0,46.0,7.0,1.0,
2024-05-03,37.0,20.0,46.0,8.0,1.0,
2024-05-04,53.0,20.0,43.0,8.0,1.0,
2024-05-05,51.0,12.0,34.0,8.0,1.0,
2024-05-06,27.0,11.0,34.0,5.0,,
2024-05-07,33.0,14.0,37.0,3.0,,
2024-05-08,27.0,17.0,45.0,7.0,,
2024-05-09,38.0,24.0,47.0,12.0,1.0,
2024-05-10,50.0,20.0,28.0,12.0,1.0,
2024-05-11,53.0,11.0,39.0,4.0,1.0,
2024-05-12,20.0,13.0,43.0,6.0,1.0,
2024-05-13,29.0,15.0,41.0,6.0,2.0,
2024-05-14,32.0,20.0,39.0,5.0,2.0,
2024-05-15,32.0,20.0,37.0,5.0,2.0,
2024-05-16,33.0,22.0,38.0,5.0,2.0,
2024-05-17,37.0,12.0,42.0,6.0,2.0,
2024-05-18,38.0,12.0,34.0,8.0,2.0,
2024-05-19,40.0,16.0,36.0,10.0,2.0,
2024-05-20,38.0,17.0,42.0,6.0,3.0,
2024-05-21,48.0,21.0,27.0,11.0,3.0,
2024-05-22,50.0,14.0,39.0,8.0,2.0,
2024-05-23,38.0,20.0,33.0,6.0,1.0,
2024-05-24,53.0,14.0,43.0,6.0,1.0,
2024-05-25,36.0,14.0,39.0,6.0,1.0,
2024-05-26,42.0,18.0,46.0,6.0,2.0,
2024-05-27,45.0,23.0,45.0,7.0,2.0,
2024-05-28,47.0,24.0,40.0,8.0,2.0,
2024-05-29,58.0,21.0,37.0,4.0,3.0,
2024-05-30,53.0,18.0,37.0,5.0,3.0,
2024-05-31,52.0,12.0,33.0,6.0,2.0,
2024-06-01,33.0,8.0,30.0,4.0,1.0,
2024-06-02,24.0,20.0,36.0,6.0,4.0,
2024-06-03,54.0,11.0,24.0,5.0,2.0,
2024-06-04,37.0,21.0,39.0,9.0,3.0,
2024-06-05,60.0,20.0,41.0,10.0,2.0,
2024-06-06,46.0,13.0,37.0,9.0,3.0,
2024-06-07,34.0,15.0,44.0,3.0,2.0,
2024-06-08,47.0,15.0,41.0,6.0,3.0,
2024-06-09,47.0,19.0,24.0,8.0,3.0,
2024-06-10,56.0,26.0,33.0,8.0,3.0,
2024-06-11,59.0,15.0,22.0,10.0,1.0,
2024-06-12,26.0,13.0,23.0,7.0,,
2024-06-13,37.0,16.0,43.0,7.0,,
2024-06-14,42.0,13.0,40.0,5.0,,
2024-06-15,43.0,16.0,15.0,7.0,1.0,
2024-06-16,53.0,12.0,38.0,8.0,3.0,
2024-06-17,36.0,16.0,34.0,11.0,1.0,
2024-06-18,45.0,22.0,39.0,9.0,1.0,
2024-06-19,54.0,10.0,40.0,3.0,,
2024-06-20,22.0,20.0,43.0,6.0,,
2024-06-21,49.0,17.0,31.0,8.0,2.0,
2024-06-22,42.0,13.0,44.0,5.0,15.0,
2024-06-23,31.0,11.0,38.0,4.0,1.0,
2024-06-24,31.0,12.0,37.0,4.0,,
2024-06-25,35.0,16.0,41.0,5.0,1.0,
2024-06-26,49.0,24.0,38.0,7.0,1.0,
2024-06-27,50.0,23.0,35.0,9.0,,
2024-06-28,46.0,22.0,54.0,5.0,,
2024-06-29,59.0,22.0,46.0,5.0,,
2024-06-30,59.0,14.0,27.0,7.0,,
2024-07-01,39.0,13.0,27.0,7.0,,
2024-07-02,30.0,14.0,29.0,8.0,1.0,
2024-07-03,36.0,11.0,29.0,7.0,,
2024-07-04,28.0,17.0,20.0,10.0,1.0,
2024-07-05,20.0,,33.0,6.0,1.0,
2024-07-06,40.0,,32.0,3.0,,
2024-07-07,27.0,15.0,29.0,4.0,,
2024-07-08,48.0,20.0,40.0,5.0,,
2024-07-09,65.0,23.0,39.0,7.0,,
2024-07-10,69.0,22.0,32.0,13.0,,
2024-07-11,62.0,21.0,43.0,5.0,1.0,
2024-07-12,61.0,,42.0,4.0,,
2024-07-13,41.0,8.0,35.0,3.0,1.0,
2024-07-14,40.0,15.0,48.0,6.0,1.0,
2024-07-15,55.0,18.0,37.0,9.0,1.0,
2024-07-16,59.0,18.0,47.0,7.0,1.0,
2024-07-17,49.0,11.0,46.0,6.0,1.0,
2024-07-18,26.0,15.0,55.0,4.0,1.0,
2024-07-19,36.0,16.0,48.0,5.0,1.0,
2024-07-20,45.0,18.0,44.0,5.0,1.0,
2024-07-21,50.0,22.0,54.0,6.0,1.0,
2024-07-22,55.0,13.0,43.0,6.0,1.0,
2024-07-23,39.0,16.0,25.0,11.0,1.0,
2024-07-24,41.0,10.0,30.0,5.0,,
2024-07-25,32.0,15.0,2.0,6.0,,
2024-07-26,41.0,,,,,
2024-07-27,,,31.0,6.0,1.0,
2024-07-28,38.0,,34.0,6.0,1.0,
2024-07-29,24.0,,41.0,8.0,1.0,
2024-07-30,26.0,,52.0,12.0,1.0,
2024-07-31,40.0,,24.0,12.0,,
2024-08-01,54.0,17.0,45.0,9.0,1.0,
2024-08-02,59.0,11.0,27.0,6.0,,
2024-08-03,33.0,12.0,41.0,6.0,1.0,
2024-08-04,42.0,12.0,22.0,7.0,1.0,
2024-08-05,37.0,9.0,37.0,5.0,1.0,
2024-08-06,24.0,16.0,44.0,8.0,1.0,
2024-08-07,42.0,19.0,42.0,9.0,,
2024-08-08,54.0,11.0,38.0,8.0,,
2024-08-09,43.0,15.0,39.0,7.0,,
2024-08-10,52.0,14.0,44.0,5.0,1.0,
2024-08-11,46.0,19.0,45.0,7.0,1.0,
2024-08-12,30.0,18.0,52.0,5.0,1.0,
2024-08-13,41.0,18.0,47.0,5.0,1.0,
2024-08-14,34.0,20.0,43.0,7.0,1.0,
2024-08-15,54.0,24.0,56.0,8.0,1.0,
2024-08-16,71.0,18.0,38.0,6.0,,
2024-08-17,59.0,15.0,39.0,5.0,,
2024-08-18,46.0,13.0,37.0,8.0,,
2024-08-19,40.0,13.0,32.0,3.0,,
2024-08-20,36.0,17.0,26.0,10.0,1.0,
2024-08-21,56.0,19.0,34.0,9.0,1.0,
2024-08-22,37.0,17.0,41.0,9.0,,
2024-08-23,46.0,21.0,50.0,6.0,1.0,
2024-08-24,59.0,21.0,52.0,4.0,1.0,
2024-08-25,56.0,14.0,42.0,2.0,,
2024-08-26,23.0,20.0,38.0,4.0,,
2024-08-27,38.0,25.0,45.0,4.0,1.0,
2024-08-28,56.0,30.0,54.0,9.0,1.0,
2024-08-29,69.0,36.0,52.0,9.0,1.0,
2024-08-30,72.0,29.0,51.0,10.0,,
2024-08-31,74.0,17.0,33.0,2.0,,
2024-09-01,55.0,27.0,39.0,8.0,1.0,
2024-09-02,66.0,34.0,49.0,6.0,1.0,
2024-09-03,74.0,41.0,53.0,7.0,2.0,
2024-09-04,80.0,37.0,44.0,5.0,2.0,
2024-09-05,66.0,40.0,43.0,5.0,2.0,
2024-09-06,66.0,,44.0,5.0,1.0,
2024-09-07,56.0,,42.0,5.0,1.0,
2024-09-08,59.0,26.0,24.0,9.0,2.0,
2024-09-09,55.0,12.0,17.0,12.0,1.0,
2024-09-10,40.0,16.0,34.0,8.0,1.0,
2024-09-11,50.0,21.0,16.0,9.0,1.0,
2024-09-12,61.0,12.0,15.0,4.0,,
2024-09-13,44.0,7.0,30.0,2.0,1.0,
2024-09-14,32.0,5.0,24.0,3.0,1.0,
2024-09-15,11.0,24.0,20.0,3.0,1.0,
2024-09-16,54.0,35.0,31.0,4.0,1.0,
2024-09-17,81.0,33.0,36.0,7.0,,
2024-09-18,88.0,25.0,26.0,5.0,1.0,
2024-09-19,64.0,32.0,32.0,7.0,2.0,
2024-09-20,64.0,29.0,37.0,9.0,2.0,
2024-09-21,75.0,35.0,39.0,8.0,1.0,
2024-09-22,98.0,29.0,38.0,10.0,,
2024-09-23,64.0,26.0,30.0,11.0,,
2024-09-24,70.0,22.0,24.0,11.0,,
2024-09-25,58.0,17.0,27.0,10.0,,
2024-09-26,37.0,10.0,24.0,12.0,,
2024-09-27,21.0,7.0,20.0,8.0,,
2024-09-28,15.0,9.0,26.0,3.0,,
2024-09-29,17.0,14.0,26.0,6.0,,
2024-09-30,29.0,19.0,26.0,7.0,,
2024-10-01,44.0,18.0,3.0,8.0,,
2024-10-02,56.0,15.0,11.0,10.0,,
2024-10-03,54.0,17.0,15.0,5.0,,
2024-10-04,54.0,6.0,13.0,2.0,,
2024-10-05,24.0,6.0,9.0,2.0,,
2024-10-06,22.0,21.0,17.0,8.0,,
2024-10-07,51.0,16.0,21.0,7.0,,
2024-10-08,40.0,25.0,16.0,12.0,1.0,
2024-10-09,54.0,15.0,21.0,9.0,1.0,
2024-10-10,35.0,11.0,20.0,10.0,,
2024-10-11,25.0,16.0,25.0,4.0,,
2024-10-12,38.0,14.0,22.0,8.0,1.0,
2024-10-13,45.0,14.0,24.0,9.0,,
2024-10-14,24.0,26.0,13.0,14.0,,
2024-10-15,61.0,25.0,20.0,7.0,1.0,
2024-10-16,79.0,14.0,21.0,8.0,1.0,
2024-10-17,47.0,15.0,21.0,8.0,3.0,
2024-10-18,49.0,17.0,22.0,8.0,1.0,
2024-10-19,62.0,26.0,20.0,10.0,1.0,
2024-10-20,78.0,36.0,7.0,17.0,,
2024-10-21,85.0,37.0,15.0,15.0,1.0,
2024-10-22,105.0,27.0,24.0,12.0,,
2024-10-23,61.0,28.0,14.0,9.0,,
2024-10-24,86.0,34.0,5.0,13.0,1.0,
2024-10-25,97.0,41.0,14.0,9.0,2.0,
2024-10-26,110.0,36.0,21.0,14.0,1.0,
2024-10-27,91.0,30.0,16.0,15.0,,
2024-10-28,77.0,29.0,11.0,17.0,1.0,
2024-10-29,73.0,30.0,9.0,15.0,1.0,
2024-10-30,77.0,18.0,16.0,12.0,1.0,
2024-10-31,55.0,15.0,20.0,7.0,1.0,
2024-11-01,48.0,17.0,26.0,7.0,,
2024-11-02,45.0,26.0,14.0,13.0,1.0,
2024-11-03,75.0,22.0,11.0,13.0,1.0,
2024-11-04,69.0,25.0,7.0,10.0,,
2024-11-05,77.0,27.0,4.0,14.0,,
2024-11-06,89.0,54.0,2.0,14.0,1.0,
2024-11-07,144.0,35.0,6.0,9.0,1.0,
2024-11-08,98.0,29.0,9.0,7.0,,
2024-11-09,78.0,29.0,11.0,5.0,,
2024-11-10,84.0,42.0,7.0,11.0,3.0,
2024-11-11,121.0,26.0,8.0,9.0,,
2024-11-12,74.0,22.0,7.0,12.0,1.0,
2024-11-13,64.0,19.0,12.0,12.0,2.0,
2024-11-14,56.0,19.0,8.0,13.0,1.0,
2024-11-15,61.0,34.0,12.0,14.0,1.0,
2024-11-16,76.0,35.0,14.0,8.0,1.0,
2024-11-17,96.0,11.0,14.0,13.0,1.0,
2024-11-18,35.0,19.0,18.0,14.0,1.0,
2024-11-19,46.0,13.0,19.0,13.0,1.0,
2024-11-20,35.0,14.0,21.0,13.0,1.0,
2024-11-21,37.0,20.0,16.0,15.0,1.0,
2024-11-22,58.0,16.0,19.0,10.0,1.0,
2024-11-23,49.0,19.0,18.0,16.0,,
2024-11-24,50.0,30.0,4.0,13.0,2.0,
2024-11-25,85.0,36.0,12.0,12.0,1.0,
2024-11-26,101.0,28.0,3.0,14.0,1.0,
2024-11-27,79.0,23.0,20.0,13.0,1.0,
2024-11-28,64.0,10.0,15.0,8.0,,
2024-11-29,31.0,21.0,7.0,5.0,,
2024-11-30,63.0,23.0,5.0,6.0,,
2024-12-01,75.0,29.0,,10.0,,
2024-12-02,74.0,46.0,4.0,17.0,1.0,
2024-12-03,109.0,40.0,2.0,14.0,1.0,
2024-12-04,99.0,46.0,,15.0,1.0,
2024-12-05,113.0,31.0,15.0,13.0,1.0,
2024-12-06,77.0,17.0,6.0,9.0,1.0,
2024-12-07,57.0,24.0,4.0,7.0,1.0,
2024-12-08,82.0,15.0,5.0,4.0,,
2024-12-09,46.0,9.0,13.0,5.0,,
2024-12-10,30.0,16.0,9.0,12.0,,
2024-12-11,49.0,23.0,4.0,13.0,2.0,
2024-12-12,67.0,26.0,12.0,13.0,1.0,
2024-12-13,78.0,29.0,15.0,11.0,1.0,
2024-12-14,82.0,13.0,18.0,6.0,,
2024-12-15,45.0,6.0,17.0,5.0,1.0,
2024-12-16,16.0,9.0,19.0,7.0,1.0,
2024-12-17,23.0,22.0,14.0,17.0,1.0,
2024-12-18,47.0,38.0,9.0,20.0,1.0,
2024-12-19,81.0,14.0,17.0,14.0,1.0,
2024-12-20,40.0,23.0,16.0,12.0,1.0,
2024-12-21,51.0,11.0,,11.0,1.0,
2024-12-22,26.0,15.0,8.0,12.0,1.0,
2024-12-23,42.0,16.0,22.0,6.0,1.0,
2024-12-24,50.0,15.0,25.0,5.0,,
2024-12-25,38.0,36.0,11.0,7.0,,
2024-12-26,101.0,46.0,3.0,13.0,,
2024-12-27,109.0,38.0,2.0,13.0,1.0,
2024-12-28,108.0,49.0,3.0,13.0,1.0,
2024-12-29,128.0,,,,,
2024-12-31,,25.0,32.0,11.0,2.0,
2025-01-01,90.0,12.0,29.0,11.0,1.0,
2025-01-02,29.0,12.0,24.0,9.0,1.0,
2025-01-03,35.0,14.0,26.0,12.0,1.0,
2025-01-04,36.0,29.0,21.0,10.0,1.0,
2025-01-05,89.0,30.0,6.0,11.0,1.0,
2025-01-06,77.0,52.0,20.0,17.0,1.0,
2025-01-07,110.0,16.0,19.0,18.0,1.0,
2025-01-08,37.0,21.0,19.0,17.0,1.0,
2025-01-09,68.0,8.0,22.0,10.0,1.0,
2025-01-10,22.0,9.0,21.0,6.0,1.0,
2025-01-11,27.0,6.0,23.0,5.0,1.0,
2025-01-12,22.0,12.0,19.0,7.0,,
2025-01-13,36.0,35.0,8.0,18.0,3.0,
2025-01-14,100.0,23.0,16.0,14.0,1.0,
2025-01-15,66.0,21.0,11.0,15.0,1.0,
2025-01-16,67.0,18.0,15.0,11.0,1.0,
2025-01-17,62.0,34.0,12.0,14.0,3.0,
2025-01-18,100.0,54.0,5.0,16.0,2.0,
2025-01-19,151.0,64.0,4.0,19.0,2.0,
2025-01-20,164.0,55.0,4.0,16.0,5.0,
2025-01-21,139.0,54.0,3.0,18.0,4.0,
2025-01-22,135.0,40.0,7.0,17.0,2.0,
2025-01-23,119.0,31.0,7.0,17.0,1.0,
2025-01-24,73.0,35.0,3.0,17.0,1.0,
2025-01-25,91.0,26.0,14.0,14.0,1.0,
2025-01-26,75.0,27.0,12.0,15.0,1.0,
2025-01-27,69.0,24.0,15.0,16.0,1.0,
2025-01-28,61.0,12.0,25.0,13.0,2.0,
2025-01-29,34.0,26.0,23.0,16.0,1.0,
2025-01-30,54.0,28.0,15.0,15.0,1.0,
2025-01-31,78.0,25.0,16.0,14.0,1.0,
2025-02-01,62.0,29.0,15.0,14.0,2.0,
2025-02-02,79.0,41.0,12.0,17.0,2.0,
2025-02-03,106.0,41.0,18.0,18.0,3.0,
2025-02-04,106.0,47.0,16.0,21.0,2.0,
2025-02-05,113.0,30.0,9.0,11.0,1.0,
2025-02-06,80.0,36.0,14.0,5.0,2.0,
2025-02-07,97.0,26.0,20.0,5.0,2.0,
2025-02-08,78.0,36.0,17.0,4.0,1.0,
2025-02-09,102.0,40.0,14.0,6.0,2.0,
2025-02-10,100.0,44.0,15.0,5.0,4.0,
2025-02-11,114.0,53.0,10.0,15.0,3.0,
2025-02-12,142.0,54.0,8.0,13.0,4.0,
2025-02-13,134.0,33.0,15.0,11.0,2.0,
2025-02-14,93.0,22.0,22.0,8.0,1.0,
2025-02-15,59.0,29.0,24.0,8.0,2.0,
2025-02-16,79.0,32.0,27.0,10.0,1.0,
2025-02-17,78.0,43.0,23.0,15.0,3.0,
2025-02-18,115.0,48.0,25.0,16.0,4.0,
2025-02-19,103.0,45.0,27.0,10.0,2.0,
2025-02-20,114.0,42.0,24.0,14.0,3.0,
2025-02-21,106.0,47.0,33.0,12.0,2.0,
2025-02-22,119.0,47.0,27.0,13.0,2.0,
2025-02-23,121.0,45.0,15.0,14.0,1.0,
2025-02-24,108.0,33.0,12.0,12.0,1.0,
2025-02-25,91.0,57.0,5.0,15.0,2.0,
2025-02-26,142.0,44.0,13.0,16.0,2.0,
2025-02-27,113.0,26.0,12.0,14.0,1.0,
2025-02-28,74.0,33.0,18.0,10.0,1.0,
2025-03-01,84.0,22.0,21.0,8.0,1.0,
2025-03-02,70.0,29.0,23.0,15.0,,
2025-03-03,71.0,43.0,27.0,23.0,2.0,
2025-03-04,104.0,40.0,34.0,23.0,2.0,
2025-03-05,88.0,40.0,30.0,27.0,2.0,
2025-03-06,83.0,38.0,33.0,22.0,1.0,
2025-03-07,81.0,48.0,37.0,19.0,2.0,
2025-03-08,113.0,54.0,38.0,20.0,2.0,
2025-03-09,132.0,44.0,33.0,19.0,1.0,
2025-03-10,91.0,24.0,29.0,20.0,1.0,
2025-03-11,51.0,28.0,28.0,15.0,2.0,
2025-03-12,53.0,17.0,21.0,16.0,1.0,
2025-03-13,45.0,18.0,16.0,10.0,1.0,
2025-03-14,54.0,10.0,26.0,6.0,1.0,
2025-03-15,36.0,17.0,30.0,8.0,2.0,
2025-03-16,57.0,21.0,29.0,6.0,1.0,
2025-03-17,50.0,24.0,24.0,10.0,3.0,
2025-03-18,66.0,35.0,33.0,15.0,2.0,
2025-03-19,74.0,41.0,31.0,18.0,2.0,
2025-03-20,89.0,39.0,38.0,12.0,2.0,
2025-03-21,96.0,37.0,44.0,7.0,5.0,
2025-03-22,110.0,17.0,26.0,4.0,6.0,
2025-03-23,50.0,23.0,22.0,9.0,19.0,
2025-03-24,66.0,33.0,27.0,8.0,36.0,
2025-03-25,74.0,39.0,34.0,9.0,13.0,
2025-03-26,99.0,31.0,21.0,4.0,3.0,
2025-03-27,58.0,30.0,29.0,5.0,2.0,
2025-03-28,64.0,29.0,31.0,5.0,2.0,
2025-03-29,74.0,35.0,26.0,9.0,2.0,
2025-03-30,94.0,22.0,15.0,11.0,2.0,
2025-03-31,61.0,21.0,23.0,6.0,2.0,
2025-04-01,59.0,16.0,35.0,4.0,2.0,
2025-04-02,44.0,18.0,36.0,8.0,2.0,
2025-04-03,42.0,32.0,33.0,15.0,2.0,
2025-04-04,60.0,32.0,32.0,7.0,2.0,
2025-04-05,54.0,17.0,35.0,1.0,2.0,
2025-04-06,26.0,12.0,34.0,4.0,2.0,
2025-04-07,21.0,16.0,32.0,7.0,2.0,
2025-04-08,35.0,20.0,32.0,11.0,2.0,
2025-04-09,43.0,13.0,31.0,6.0,2.0,
2025-04-10,23.0,24.0,27.0,7.0,2.0,
2025-04-11,59.0,26.0,36.0,17.0,2.0,
2025-04-12,71.0,24.0,38.0,15.0,1.0,
2025-04-13,58.0,20.0,40.0,19.0,1.0,
2025-04-14,32.0,15.0,22.0,7.0,1.0,
2025-04-15,30.0,16.0,36.0,19.0,,
2025-04-16,29.0,32.0,36.0,22.0,1.0,
2025-04-17,53.0,18.0,23.0,17.0,1.0,
2025-04-18,33.0,10.0,37.0,10.0,,
2025-04-19,27.0,12.0,40.0,17.0,,
2025-04-20,29.0,18.0,40.0,19.0,,
2025-04-21,43.0,23.0,38.0,15.0,1.0,
2025-04-22,54.0,19.0,45.0,12.0,,
2025-04-23,42.0,24.0,41.0,10.0,,
2025-04-24,46.0,13.0,24.0,3.0,,
2025-04-25,38.0,12.0,38.0,2.0,,
2025-04-26,31.0,13.0,39.0,2.0,,
2025-04-27,33.0,22.0,41.0,14.0,1.0,
2025-04-28,41.0,26.0,50.0,21.0,1.0,
2025-04-29,47.0,24.0,40.0,21.0,1.0,
2025-04-30,45.0,17.0,40.0,14.0,1.0,
2025-05-01,44.0,22.0,45.0,16.0,1.0,
2025-05-02,55.0,20.0,53.0,19.0,1.0,
2025-05-03,45.0,16.0,31.0,6.0,1.0,
2025-05-04,34.0,10.0,25.0,2.0,,
2025-05-05,24.0,12.0,25.0,2.0,,
2025-05-06,27.0,14.0,40.0,3.0,,
2025-05-07,33.0,13.0,36.0,2.0,,
2025-05-08,23.0,15.0,36.0,5.0,,
2025-05-09,32.0,20.0,31.0,8.0,,
2025-05-10,41.0,11.0,36.0,3.0,,
2025-05-11,32.0,13.0,36.0,5.0,,
2025-05-12,32.0,19.0,34.0,8.0,,
2025-05-13,43.0,26.0,39.0,9.0,,
2025-05-14,51.0,12.0,28.0,4.0,,
2025-05-15,25.0,14.0,28.0,5.0,,
2025-05-16,36.0,10.0,34.0,2.0,,
2025-05-17,30.0,6.0,33.0,1.0,,
2025-05-18,15.0,11.0,30.0,13.0,,
2025-05-19,30.0,15.0,31.0,13.0,,
2025-05-20,45.0,17.0,39.0,29.0,,
2025-05-21,39.0,14.0,34.0,19.0,,
2025-05-22,39.0,14.0,25.0,6.0,,
2025-05-23,27.0,18.0,34.0,9.0,,
2025-05-24,40.0,14.0,45.0,15.0,,
2025-05-25,39.0,17.0,33.0,19.0,,
2025-05-26,36.0,14.0,35.0,19.0,,
2025-05-27,32.0,19.0,38.0,18.0,1.0,
2025-05-28,37.0,11.0,28.0,13.0,,
2025-05-29,26.0,16.0,32.0,14.0,,
2025-05-30,32.0,15.0,31.0,26.0,1.0,
2025-05-31,44.0,14.0,37.0,36.0,,
2025-06-01,36.0,15.0,44.0,33.0,1.0,
2025-06-02,34.0,16.0,31.0,24.0,,
2025-06-03,36.0,20.0,38.0,23.0,,
2025-06-04,42.0,19.0,43.0,26.0,1.0,
2025-06-05,34.0,12.0,34.0,33.0,,
2025-06-06,26.0,14.0,40.0,38.0,,
2025-06-07,34.0,11.0,24.0,16.0,,
2025-06-08,34.0,9.0,26.0,8.0,,
2025-06-09,21.0,20.0,35.0,28.0,,
2025-06-10,41.0,14.0,30.0,14.0,,
2025-06-11,38.0,14.0,39.0,15.0,,
2025-06-12,35.0,12.0,32.0,10.0,,
2025-06-13,29.0,13.0,43.0,25.0,,
2025-06-14,44.0,13.0,55.0,35.0,,
2025-06-15,40.0,17.0,36.0,20.0,,
2025-06-16,46.0,13.0,36.0,8.0,,
2025-06-17,36.0,21.0,51.0,11.0,,
2025-06-18,53.0,20.0,42.0,4.0,,
2025-06-19,46.0,13.0,34.0,4.0,,
2025-06-20,21.0,11.0,40.0,5.0,,
2025-06-21,28.0,19.0,47.0,8.0,,
2025-06-22,45.0,24.0,46.0,12.0,1.0,
2025-06-23,53.0,16.0,41.0,6.0,,
2025-06-24,27.0,18.0,34.0,7.0,1.0,
2025-06-25,30.0,19.0,45.0,5.0,1.0,
2025-06-26,34.0,14.0,35.0,6.0,1.0,
2025-06-27,30.0,13.0,37.0,3.0,,
2025-06-28,26.0,15.0,33.0,4.0,1.0,
2025-06-29,35.0,14.0,39.0,3.0,1.0,
2025-06-30,24.0,10.0,34.0,4.0,,
2025-07-01,19.0,20.0,49.0,7.0,,
2025-07-02,22.0,23.0,57.0,9.0,1.0,
2025-07-03,39.0,14.0,31.0,6.0,,
2025-07-04,28.0,14.0,41.0,5.0,,
2025-07-05,23.0,14.0,54.0,6.0,1.0,
2025-07-06,42.0,16.0,33.0,10.0,1.0,
2025-07-07,44.0,16.0,30.0,6.0,1.0,
2025-07-08,35.0,7.0,19.0,5.0,,
2025-07-09,13.0,14.0,19.0,8.0,,
2025-07-10,30.0,12.0,28.0,7.0,1.0,
2025-07-11,24.0,,29.0,7.0,1.0,
2025-07-12,29.0,,31.0,5.0,,
2025-07-13,31.0,12.0,44.0,20.0,,
2025-07-14,29.0,19.0,43.0,30.0,,
2025-07-15,51.0,16.0,37.0,14.0,,
2025-07-16,37.0,15.0,29.0,13.0,,
2025-07-17,33.0,15.0,40.0,21.0,,
2025-07-18,36.0,16.0,41.0,20.0,1.0,
2025-07-19,42.0,17.0,42.0,26.0,1.0,
2025-07-20,47.0,21.0,50.0,13.0,1.0,
2025-07-21,47.0,9.0,36.0,5.0,1.0,
2025-07-22,15.0,9.0,36.0,6.0,1.0,
2025-07-23,14.0,17.0,37.0,11.0,1.0,
2025-07-24,27.0,17.0,37.0,8.0,,
2025-07-25,45.0,14.0,33.0,6.0,,
2025-07-26,52.0,16.0,26.0,5.0,,
2025-07-27,47.0,4.0,21.0,7.0,,
2025-07-28,15.0,13.0,24.0,5.0,1.0,
2025-07-29,31.0,13.0,35.0,9.0,1.0,
2025-07-30,31.0,13.0,35.0,10.0,,
2025-07-31,26.0,11.0,30.0,10.0,,
2025-08-01,32.0,10.0,35.0,5.0,,
2025-08-02,29.0,7.0,31.0,5.0,,
2025-08-03,23.0,14.0,29.0,8.0,1.0,
2025-08-04,29.0,15.0,33.0,8.0,1.0,
2025-08-05,34.0,9.0,29.0,5.0,,
2025-08-06,23.0,13.0,35.0,5.0,1.0,
2025-08-07,22.0,17.0,42.0,9.0,,
2025-08-08,38.0,21.0,48.0,9.0,1.0,
2025-08-09,55.0,22.0,45.0,6.0,1.0,
2025-08-10,62.0,15.0,35.0,4.0,1.0,
2025-08-11,27.0,18.0,46.0,7.0,,
2025-08-12,31.0,20.0,53.0,7.0,1.0,
2025-08-13,44.0,27.0,60.0,7.0,,
2025-08-14,59.0,20.0,48.0,5.0,1.0,
2025-08-15,54.0,23.0,56.0,6.0,1.0,
2025-08-16,59.0,14.0,34.0,2.0,,
2025-08-17,41.0,10.0,25.0,4.0,,
2025-08-18,21.0,15.0,37.0,6.0,,
2025-08-19,26.0,20.0,45.0,10.0,1.0,
2025-08-20,37.0,17.0,31.0,3.0,1.0,
2025-08-21,35.0,15.0,34.0,5.0,1.0,
2025-08-22,28.0,13.0,26.0,6.0,1.0,
2025-08-23,19.0,7.0,28.0,5.0,,
2025-08-24,12.0,13.0,30.0,10.0,1.0,
2025-08-25,24.0,17.0,41.0,11.0,1.0,
2025-08-26,33.0,20.0,43.0,13.0,1.0,
2025-08-27,47.0,21.0,42.0,12.0,1.0,
2025-08-28,44.0,32.0,38.0,15.0,2.0,
2025-08-29,45.0,14.0,41.0,7.0,1.0,
2025-08-30,31.0,7.0,23.0,4.0,,
2025-08-31,28.0,20.0,38.0,6.0,1.0,
2025-09-01,59.0,20.0,31.0,9.0,1.0,
2025-09-02,57.0,11.0,29.0,8.0,,
2025-09-03,41.0,21.0,44.0,6.0,,
2025-09-04,52.0,23.0,38.0,9.0,1.0,
2025-09-05,55.0,10.0,21.0,6.0,,
2025-09-06,28.0,7.0,24.0,2.0,,
2025-09-07,24.0,18.0,20.0,7.0,,
2025-09-08,44.0,12.0,34.0,4.0,,
2025-09-09,39.0,23.0,33.0,5.0,1.0,
2025-09-10,53.0,11.0,31.0,8.0,1.0,
2025-09-11,33.0,13.0,29.0,9.0,1.0,
2025-09-12,35.0,15.0,27.0,7.0,1.0,
2025-09-13,52.0,13.0,12.0,8.0,,
2025-09-14,45.0,6.0,22.0,8.0,1.0,
2025-09-15,13.0,9.0,20.0,11.0,1.0,
2025-09-16,18.0,11.0,18.0,10.0,1.0,
2025-09-17,18.0,13.0,26.0,8.0,1.0,
2025-09-18,24.0,15.0,26.0,10.0,1.0,
2025-09-19,30.0,17.0,31.0,7.0,1.0,
2025-09-20,47.0,14.0,32.0,9.0,1.0,
2025-09-21,37.0,21.0,36.0,9.0,1.0,
2025-09-22,50.0,11.0,19.0,4.0,,
2025-09-23,21.0,9.0,17.0,3.0,1.0,
2025-09-24,24.0,13.0,21.0,3.0,1.0,
2025-09-25,21.0,13.0,17.0,4.0,2.0,
2025-09-26,24.0,15.0,23.0,4.0,1.0,
2025-09-27,37.0,16.0,27.0,3.0,1.0,
2025-09-28,43.0,6.0,12.0,3.0,,
2025-09-29,21.0,9.0,15.0,3.0,,
2025-09-30,33.0,13.0,12.0,4.0,,
2025-10-01,39.0,17.0,22.0,7.0,,
2025-10-02,49.0,24.0,22.0,7.0,1.0,
2025-10-03,65.0,17.0,18.0,4.0,2.0,
2025-10-04,54.0,10.0,22.0,7.0,1.0,
2025-10-05,24.0,11.0,15.0,10.0,1.0,
2025-10-06,31.0,9.0,13.0,9.0,1.0,
2025-10-07,26.0,19.0,9.0,8.0,1.0,
2025-10-08,56.0,23.0,6.0,11.0,1.0,
2025-10-09,63.0,15.0,15.0,9.0,1.0,
2025-10-10,33.0,11.0,16.0,7.0,1.0,
2025-10-11,32.0,13.0,20.0,6.0,1.0,
2025-10-12,43.0,10.0,19.0,8.0,1.0,
2025-10-13,22.0,26.0,9.0,13.0,1.0,
2025-10-14,66.0,20.0,15.0,8.0,1.0,
2025-10-15,54.0,25.0,13.0,12.0,1.0,
2025-10-16,55.0,20.0,14.0,13.0,1.0,
2025-10-17,51.0,10.0,22.0,5.0,,
2025-10-18,22.0,13.0,20.0,7.0,,
2025-10-19,37.0,23.0,16.0,7.0,,
2025-10-20,68.0,31.0,10.0,12.0,1.0,
2025-10-21,62.0,32.0,17.0,12.0,,
2025-10-22,70.0,18.0,21.0,11.0,1.0,
2025-10-23,41.0,8.0,22.0,10.0,1.0,
2025-10-24,17.0,8.0,23.0,8.0,1.0,
2025-10-25,15.0,5.0,23.0,5.0,1.0,
2025-10-26,8.0,8.0,22.0,8.0,1.0,
2025-10-27,10.0,8.0,22.0,7.0,1.0,
2025-10-28,11.0,17.0,20.0,13.0,1.0,
2025-10-29,27.0,19.0,19.0,12.0,1.0,
2025-10-30,43.0,23.0,17.0,14.0,1.0,
2025-10-31,48.0,32.0,13.0,10.0,1.0,
2025-11-01,88.0,25.0,19.0,11.0,1.0,
2025-11-02,62.0,18.0,15.0,13.0,,
2025-11-03,50.0,26.0,11.0,12.0,1.0,
2025-11-04,61.0,39.0,4.0,9.0,1.0,
2025-11-05,87.0,41.0,7.0,11.0,1.0,
2025-11-06,100.0,37.0,9.0,10.0,1.0,
2025-11-07,88.0,29.0,2.0,6.0,1.0,
2025-11-08,83.0,,,,,
